studio,bom_domestic_gross,bom_foreign_gross,title_clean,release_date_x,tn_production_budget,profit,roi,runtime_minutes,genres,averagerating,numvotes,genre_ids,original_language,popularity,vote_average,vote_count,release_year,roi_abs,bom_worldwide_gross
Bv,415000000.0,652000000.0,Toy Story 3,2010-06-18,200000000.0,868879522.0,4.34439761,103.0,"['Adventure', 'Animation', 'Comedy']",8.3,682218,"[16, 10751, 35]",En,24.445,7.7,8340.0,2010,4.34439761,1067000000.0
Wb,292600000.0,535700000.0,Inception,2010-07-16,160000000.0,675524642.0,4.2220290125,148.0,"['Action', 'Adventure', 'Sci-Fi']",8.8,1841066,"[28, 878, 12]",En,27.92,8.3,22186.0,2010,4.2220290125,828300000.0
P/Dw,238700000.0,513900000.0,Shrek Forever After,2010-05-21,165000000.0,591244673.0,3.5833010484848486,93.0,"['Adventure', 'Animation', 'Comedy']",6.3,167532,"[35, 12, 14, 16, 10751]",En,15.041,6.1,3843.0,2010,3.5833010484848486,752600000.0
Sum.,300500000.0,398000000.0,The Twilight Saga: Eclipse,2010-06-30,68000000.0,638102828.0,9.383865117647058,124.0,"['Adventure', 'Drama', 'Fantasy']",5.0,211733,"[12, 14, 18, 10749]",En,20.34,6.0,4909.0,2010,9.383865117647058,698500000.0
Par.,312400000.0,311500000.0,Iron Man 2,2010-05-07,170000000.0,451156389.0,2.653861111764706,124.0,"['Action', 'Adventure', 'Sci-Fi']",7.0,657690,"[12, 28, 878]",En,28.515,6.8,12368.0,2010,2.653861111764706,623900000.0
Bv,200800000.0,391000000.0,Tangled,2010-11-24,260000000.0,326477240.0,1.2556816923076923,100.0,"['Adventure', 'Animation', 'Comedy']",7.8,366366,"[16, 10751]",En,21.511,7.5,6407.0,2010,1.2556816923076923,591800000.0
Uni.,251500000.0,291600000.0,Despicable Me,2010-07-09,69000000.0,474464573.0,6.87629815942029,95.0,"['Animation', 'Comedy', 'Family']",7.7,464511,"[16, 10751, 35]",En,23.673,7.2,10057.0,2010,6.87629815942029,543100000.0
P/Dw,217600000.0,277300000.0,How To Train Your Dragon,2010-03-26,165000000.0,329870992.0,1.9992181333333334,98.0,"['Action', 'Adventure', 'Animation']",8.1,611299,"[14, 12, 16, 10751]",En,28.734,7.7,7610.0,2010,1.9992181333333334,494900000.0
Fox,104400000.0,311300000.0,The Chronicles Of Narnia: The Voyage Of The Dawn Treader,2010-12-10,155000000.0,263186950.0,1.6979803225806451,113.0,"['Adventure', 'Family', 'Fantasy']",6.3,129663,"[12, 10751, 14]",En,17.382,6.3,3196.0,2010,1.6979803225806451,415700000.0
Sony,176600000.0,182500000.0,The Karate Kid,2010-06-11,40000000.0,311774938.0,7.79437345,140.0,"['Action', 'Drama', 'Family']",6.2,146401,"[28, 12, 18, 10751]",En,12.256,6.3,3140.0,2010,7.79437345,359100000.0
Sony,176600000.0,182500000.0,The Karate Kid,1984-06-22,8000000.0,82815558.0,10.35194475,140.0,"['Action', 'Drama', 'Family']",6.2,146401,"[28, 12, 18, 10751]",En,12.256,6.3,3140.0,1984,10.35194475,359100000.0
Foxs,107000000.0,222400000.0,Black Swan,2010-12-03,13000000.0,318266710.0,24.482054615384616,108.0,"['Drama', 'Thriller']",8.0,648854,"[18, 53]",En,13.745,7.6,8374.0,2010,24.482054615384616,329400000.0
P/Dw,148400000.0,173500000.0,Megamind,2010-11-05,130000000.0,191887208.0,1.4760554461538462,95.0,"['Action', 'Animation', 'Comedy']",7.3,207488,"[16, 28, 35, 10751, 878]",En,22.855,6.8,3635.0,2010,1.4760554461538462,321900000.0
Uni.,105300000.0,216400000.0,Robin Hood,2010-05-14,210000000.0,112459006.0,0.5355190761904762,140.0,"['Action', 'Adventure', 'Drama']",6.6,239480,"[28, 12, 18]",En,15.444,6.3,2569.0,2010,0.5355190761904762,321700000.0
Uni.,105300000.0,216400000.0,Robin Hood,2010-05-14,210000000.0,112459006.0,0.5355190761904762,140.0,"['Action', 'Adventure', 'Drama']",6.6,239480,"[12, 16, 10751]",En,0.68,5.7,3.0,2010,0.5355190761904762,321700000.0
Uni.,105300000.0,216400000.0,Robin Hood,2010-05-14,210000000.0,112459006.0,0.5355190761904762,140.0,"['Action', 'Adventure', 'Drama']",6.6,239480,"[12, 28, 53]",En,39.975,5.8,1194.0,2010,0.5355190761904762,321700000.0
Uni.,105300000.0,216400000.0,Robin Hood,2018-11-21,99000000.0,-14252559.0,-0.1439652424242424,140.0,"['Action', 'Adventure', 'Drama']",6.6,239480,"[28, 12, 18]",En,15.444,6.3,2569.0,2018,0.1439652424242424,321700000.0
Uni.,105300000.0,216400000.0,Robin Hood,2018-11-21,99000000.0,-14252559.0,-0.1439652424242424,140.0,"['Action', 'Adventure', 'Drama']",6.6,239480,"[12, 16, 10751]",En,0.68,5.7,3.0,2018,0.1439652424242424,321700000.0
Uni.,105300000.0,216400000.0,Robin Hood,2018-11-21,99000000.0,-14252559.0,-0.1439652424242424,140.0,"['Action', 'Adventure', 'Drama']",6.6,239480,"[12, 28, 53]",En,39.975,5.8,1194.0,2018,0.1439652424242424,321700000.0
Par.,131800000.0,187900000.0,The Last Airbender,2010-07-01,150000000.0,169713881.0,1.1314258733333333,103.0,"['Action', 'Adventure', 'Family']",4.1,137734,"[28, 12, 10751, 14]",En,16.595,4.6,2143.0,2010,1.1314258733333333,319700000.0
Uni.,148400000.0,162200000.0,Little Fockers,2010-12-22,100000000.0,210650574.0,2.10650574,98.0,"['Comedy', 'Romance']",5.5,99222,"[35, 10749]",En,12.153,5.6,1883.0,2010,2.10650574,310600000.0
Sgem,60100000.0,240100000.0,Resident Evil: Afterlife,2010-09-10,57500000.0,238374190.0,4.145638086956522,96.0,"['Action', 'Adventure', 'Horror']",5.9,153270,"[28, 12, 27, 878]",En,0.667,5.9,2119.0,2010,4.145638086956522,300200000.0
Par.,128000000.0,166800000.0,Shutter Island,2010-02-19,80000000.0,219461782.0,2.743272275,138.0,"['Mystery', 'Thriller']",8.1,1005960,"[18, 53, 9648]",En,18.06,8.1,12625.0,2010,2.743272275,294800000.0
Sony,118300000.0,175200000.0,Salt,2010-07-23,130000000.0,160650494.0,1.2357730307692307,100.0,"['Action', 'Mystery', 'Thriller']",6.4,277204,"[28, 9648, 53]",En,13.025,6.3,3240.0,2010,1.2357730307692307,293500000.0
Sony,118300000.0,175200000.0,Salt,2010-07-23,130000000.0,160650494.0,1.2357730307692307,100.0,"['Action', 'Mystery', 'Thriller']",6.4,277204,"[53, 80]",En,0.632,1.0,1.0,2010,1.2357730307692307,293500000.0
Wb (Nl),95300000.0,193000000.0,Sex And The City 2,2010-05-27,95000000.0,199680778.0,2.1019029263157893,146.0,"['Comedy', 'Drama', 'Romance']",4.4,69199,"[35, 18, 10749]",En,9.986,5.9,809.0,2010,2.1019029263157893,288300000.0
Sony,67600000.0,210700000.0,The Tourist,2010-12-10,100000000.0,178731369.0,1.78731369,103.0,"['Action', 'Adventure', 'Thriller']",6.0,206714,"[28, 53, 10749]",En,10.307,6.1,3133.0,2010,1.78731369,278300000.0
Lgf,103100000.0,171400000.0,The Expendables,2010-08-13,82000000.0,186268174.0,2.2715630975609757,103.0,"['Action', 'Adventure', 'Thriller']",6.5,307897,"[53, 12, 28]",En,21.517,6.1,4647.0,2010,2.2715630975609757,274500000.0
Sony,162000000.0,109400000.0,Grown Ups,2010-06-25,75000000.0,197223430.0,2.629645733333333,102.0,['Comedy'],6.0,210377,[35],En,14.291,6.1,3171.0,2010,2.629645733333333,271400000.0
Par.,171200000.0,81000000.0,True Grit,2010-12-22,35000000.0,217276928.0,6.207912228571429,110.0,"['Adventure', 'Drama', 'Western']",7.6,284034,"[18, 12, 37]",En,13.118,7.2,2816.0,2010,6.207912228571429,252200000.0
Fox,42800000.0,194600000.0,Gulliver'S Travels,2010-12-25,112000000.0,120017848.0,1.0715879285714285,85.0,"['Adventure', 'Comedy', 'Family']",4.9,61178,"[35, 12, 10751, 14]",En,10.768,5.1,1282.0,2010,1.0715879285714285,237400000.0
Fox,88800000.0,137700000.0,Percy Jackson & The Olympians: The Lightning Thief,2010-02-12,95000000.0,128050874.0,1.3479039368421053,118.0,"['Adventure', 'Family', 'Fantasy']",5.9,165108,"[12, 14, 10751]",En,26.691,6.1,4229.0,2010,1.3479039368421053,226500000.0
Sony,97000000.0,128000000.0,The Social Network,2010-10-01,40000000.0,184922135.0,4.623053375,120.0,"['Biography', 'Drama']",7.7,568578,[18],En,15.889,7.2,6116.0,2010,4.623053375,225000000.0
Wb (Nl),110500000.0,106000000.0,Valentine'S Day,2010-02-12,52000000.0,165569328.0,3.1840255384615386,125.0,"['Comedy', 'Romance']",5.7,107171,"[35, 10749]",En,11.187,5.8,1907.0,2010,3.1840255384615386,216500000.0
Bv,63200000.0,152100000.0,The Sorcerer'S Apprentice,2010-07-14,160000000.0,57986320.0,0.3624145,109.0,"['Action', 'Adventure', 'Family']",6.1,143862,"[14, 12, 28, 35, 18]",En,14.463,5.9,2879.0,2010,0.3624145,215300000.0
Wb,100500000.0,111200000.0,Due Date,2010-11-05,65000000.0,146739043.0,2.2575237384615385,95.0,"['Adventure', 'Comedy']",6.5,303523,"[35, 18]",En,12.445,6.3,2973.0,2010,2.2575237384615385,211700000.0
Sony,80600000.0,124000000.0,Eat Pray Love,2010-08-13,60000000.0,146598789.0,2.44331315,133.0,"['Drama', 'Romance']",5.8,77709,[18],En,9.991,6.0,1208.0,2010,2.44331315,204600000.0
Wb,100200000.0,101300000.0,Yogi Bear,2010-12-17,80000000.0,124774690.0,1.559683625,80.0,"['Adventure', 'Animation', 'Comedy']",4.6,18934,"[35, 10751, 16, 12]",En,9.096,5.3,387.0,2010,1.559683625,201500000.0
Sum.,90400000.0,108600000.0,Red,2010-10-15,60000000.0,136439693.0,2.273994883333333,111.0,"['Action', 'Comedy', 'Crime']",7.1,271570,"[28, 12, 35, 80, 53]",En,12.082,6.6,4162.0,2010,2.273994883333333,199000000.0
Sum.,90400000.0,108600000.0,Red,2010-10-15,60000000.0,136439693.0,2.273994883333333,111.0,"['Action', 'Comedy', 'Crime']",7.1,271570,[],En,0.6,5.0,1.0,2010,2.273994883333333,199000000.0
Par.,84800000.0,92800000.0,Paranormal Activity 2,2010-10-20,3000000.0,174512032.0,58.17067733333333,91.0,['Horror'],5.7,93122,"[27, 53]",En,8.163,5.7,1342.0,2010,58.17067733333333,177600000.0
Fox,77200000.0,100000000.0,The A-Team,2010-06-11,110000000.0,67241171.0,0.6112833727272727,117.0,"['Action', 'Adventure', 'Thriller']",6.8,235256,"[53, 28, 12, 35, 80]",En,17.097,6.3,2703.0,2010,0.6112833727272727,177200000.0
Sony,119200000.0,51200000.0,The Other Guys,2010-08-06,100000000.0,70936470.0,0.7093647,107.0,"['Action', 'Comedy', 'Crime']",6.7,221664,"[28, 35, 80]",En,13.508,6.2,2187.0,2010,0.7093647,170400000.0
Fox,81600000.0,86200000.0,Unstoppable,2010-11-12,95000000.0,70720921.0,0.7444307473684211,98.0,"['Action', 'Thriller']",6.8,173019,"[28, 53]",En,14.01,6.4,1913.0,2010,0.7444307473684211,167800000.0
Fox,81600000.0,86200000.0,Unstoppable,2010-11-12,95000000.0,70720921.0,0.7444307473684211,98.0,"['Action', 'Thriller']",6.8,173019,[99],En,0.6,1.6,4.0,2010,0.7444307473684211,167800000.0
Wb,94800000.0,62300000.0,The Book Of Eli,2010-01-15,80000000.0,78750817.0,0.9843852125,118.0,"['Action', 'Adventure', 'Drama']",6.9,271307,"[28, 53, 878]",En,18.985,6.7,3495.0,2010,0.9843852125,157100000.0
Wb,92200000.0,61800000.0,The Town,2010-09-17,37000000.0,115566881.0,3.1234292162162163,125.0,"['Crime', 'Drama', 'Thriller']",7.6,322524,"[80, 18, 53]",En,13.476,7.1,2386.0,2010,3.1234292162162163,154000000.0
Fox,98700000.0,53600000.0,Date Night,2010-04-09,55000000.0,97269033.0,1.7685278727272726,88.0,"['Comedy', 'Crime', 'Romance']",6.3,144683,[35],En,12.498,6.0,1743.0,2010,1.7685278727272726,152300000.0
Wb,55700000.0,84400000.0,Legend Of The Guardians: The Owls Of Ga'Hoole,2010-09-24,100000000.0,39716717.0,0.39716717,97.0,"['Action', 'Adventure', 'Animation']",7.0,73790,"[16, 12, 10751, 14]",En,10.754,6.6,1223.0,2010,0.39716717,140100000.0
Uni.,62000000.0,77800000.0,The Wolfman,2010-02-12,150000000.0,-7365642.0,-0.04910428,103.0,"['Drama', 'Fantasy', 'Horror']",5.8,97873,[27],En,14.03,5.7,1009.0,2010,0.04910428,139800000.0
Sony,67099999.0,69300000.0,The Bounty Hunter,2010-03-19,45000000.0,90808837.0,2.0179741555555557,110.0,"['Action', 'Comedy', 'Romance']",5.6,112444,"[28, 35, 18]",En,9.861,5.7,1627.0,2010,2.0179741555555557,136399999.0
Par.,93600000.0,35600000.0,The Fighter,2010-12-10,11000000.0,118262388.0,10.751126181818181,116.0,"['Biography', 'Drama', 'Sport']",7.8,316539,[18],En,10.395,7.3,2325.0,2010,10.751126181818181,129200000.0
Fox,52000000.0,75200000.0,Predators,2010-07-09,40000000.0,87234389.0,2.180859725,107.0,"['Action', 'Adventure', 'Sci-Fi']",6.4,199764,"[28, 878, 12, 53]",En,16.216,6.1,1979.0,2010,2.180859725,127200000.0
Sgem,80000000.0,35000000.0,Dear John,2010-02-05,25000000.0,117033509.0,4.68134036,108.0,"['Drama', 'Romance', 'War']",6.3,128657,"[18, 10749, 10752]",En,12.048,6.8,2676.0,2010,4.68134036,115000000.0
Wb,43600000.0,68900000.0,Cats & Dogs: The Revenge Of Kitty Galore,2010-07-30,85000000.0,28026383.0,0.32972215294117646,82.0,"['Action', 'Comedy', 'Family']",4.3,12642,"[35, 10751, 28, 14]",En,10.544,4.9,273.0,2010,0.32972215294117646,112500000.0
Fox,60000000.0,52400000.0,Tooth Fairy,2010-01-22,48000000.0,64610386.0,1.3460497083333334,101.0,"['Comedy', 'Family', 'Fantasy']",5.0,37939,"[35, 10751, 14]",En,12.65,5.3,1058.0,2010,1.3460497083333334,112400000.0
Wb,53400000.0,52300000.0,Life As We Know It,2010-10-08,38000000.0,67887837.0,1.7865220263157895,114.0,"['Comedy', 'Drama', 'Romance']",6.6,113077,"[35, 10749, 18]",En,11.806,6.8,1748.0,2010,1.7865220263157895,105700000.0
Wb,32700000.0,72500000.0,Hereafter,2010-10-15,50000000.0,58660270.0,1.1732054,129.0,"['Drama', 'Fantasy', 'Romance']",6.5,87288,"[18, 14]",En,7.886,5.9,848.0,2010,1.1732054,105200000.0
Mbox,10100000.0,94300000.0,The Girl With The Dragon Tattoo,2011-12-20,90000000.0,149373970.0,1.6597107777777778,158.0,"['Crime', 'Drama', 'Mystery']",7.8,387580,"[53, 80, 9648, 18]",En,17.823,7.3,3971.0,2011,1.6597107777777778,104400000.0
Lgf,47100000.0,51100000.0,Killers,2010-06-04,75000000.0,20572749.0,0.27430332,100.0,"['Action', 'Comedy', 'Romance']",5.4,82237,"[28, 35, 53, 10749]",En,10.221,5.8,1314.0,2010,0.27430332,98200000.0
Lgf,48100000.0,48100000.0,Kick-Ass,2010-04-16,28000000.0,69531134.0,2.4832547857142857,117.0,"['Action', 'Comedy']",7.6,497363,"[28, 80]",En,13.08,7.1,7540.0,2010,2.4832547857142857,96200000.0
Uni.,35100000.0,59800000.0,Green Zone,2010-03-12,100000000.0,-2476980.0,-0.0247698,115.0,"['Action', 'Drama', 'Thriller']",6.8,122132,"[10752, 28, 12, 18, 53]",En,11.519,6.4,1176.0,2010,0.0247698,94900000.0
Uni.,61000000.0,30300000.0,Get Him To The Greek,2010-06-04,40000000.0,51455875.0,1.286396875,109.0,"['Adventure', 'Comedy', 'Music']",6.4,161653,[35],En,8.485,5.9,980.0,2010,1.286396875,91300000.0
Sgem,39400000.0,50100000.0,Burlesque,2010-11-24,55000000.0,35552675.0,0.6464122727272728,119.0,"['Drama', 'Music', 'Musical']",6.4,71021,"[18, 10749]",En,8.676,7.1,1195.0,2010,0.6464122727272728,89500000.0
Bv,63000000.0,26100000.0,The Last Song,2010-03-31,20000000.0,72678948.0,3.6339474,107.0,"['Drama', 'Music', 'Romance']",6.0,74914,"[18, 10751, 10749]",En,9.237,7.2,2199.0,2010,3.6339474,89100000.0
P/Dw,73000000.0,13800000.0,Dinner For Schmucks,2010-07-30,69000000.0,17796502.0,0.2579203188405797,114.0,['Comedy'],5.9,91546,[35],En,6.632,5.6,920.0,2010,0.2579203188405797,86800000.0
Fox,33600000.0,50100000.0,Marmaduke,2010-06-04,50000000.0,39895930.0,0.7979186,87.0,"['Comedy', 'Family']",4.2,13283,"[10751, 35]",En,8.487,5.1,367.0,2010,0.7979186,83700000.0
W/Dim.,25000000.0,58200000.0,Piranha 3D,2010-08-20,24000000.0,59660160.0,2.48584,88.0,"['Comedy', 'Horror']",5.4,81327,"[35, 27]",En,11.302,5.3,1029.0,2010,2.48584,83200000.0
Wb,43300000.0,37800000.0,Edge Of Darkness,2010-01-29,60000000.0,22812456.0,0.3802076,117.0,"['Crime', 'Drama', 'Mystery']",6.6,84753,"[80, 18, 9648, 53]",En,11.252,6.3,794.0,2010,0.3802076,81100000.0
Wb,43300000.0,37800000.0,Edge Of Darkness,2010-01-29,60000000.0,22812456.0,0.3802076,117.0,"['Crime', 'Drama', 'Mystery']",6.6,84753,[99],En,0.6,7.0,1.0,2010,0.3802076,81100000.0
Fox,36700000.0,43900000.0,Vampires Suck,2010-08-18,20000000.0,61424988.0,3.0712494,82.0,['Comedy'],3.4,43984,"[35, 27]",En,8.992,4.1,658.0,2010,3.0712494,80600000.0
Sum.,53000000.0,26100000.0,Letters To Juliet,2010-05-14,30000000.0,52148538.0,1.7382846,105.0,"['Adventure', 'Comedy', 'Drama']",6.6,86137,"[35, 18, 10749]",En,9.394,6.9,1706.0,2010,1.7382846,79100000.0
Cbs,37500000.0,40000000.0,The Back-Up Plan,2010-04-23,35000000.0,40281179.0,1.1508908285714285,104.0,"['Comedy', 'Romance']",5.4,46128,"[35, 10749]",En,15.49,6.0,806.0,2010,1.1508908285714285,77500000.0
Fox,64000000.0,11700000.0,Diary Of A Wimpy Kid,2010-03-19,15000000.0,61954311.0,4.1302874,94.0,"['Comedy', 'Drama', 'Family']",6.2,38640,"[35, 10751]",En,12.256,6.0,736.0,2010,4.1302874,75700000.0
Sgem,58400000.0,16600000.0,Easy A,2010-09-17,8000000.0,68200721.0,8.525090125,92.0,"['Comedy', 'Drama', 'Romance']",7.1,330125,[35],En,14.69,6.8,4168.0,2010,8.525090125,75000000.0
Sgem,57700000.0,11300000.0,Takers,2010-08-27,32000000.0,38587268.0,1.205852125,107.0,"['Action', 'Crime', 'Thriller']",6.2,53377,"[28, 80, 18, 53]",En,8.969,6.2,605.0,2010,1.205852125,69000000.0
Focus,35600000.0,32299999.0,The American,2010-09-01,20000000.0,47950723.0,2.39753615,105.0,"['Crime', 'Drama', 'Thriller']",6.3,86863,"[80, 18, 53]",En,9.042,5.8,690.0,2010,2.39753615,67899999.0
Lgf,41000000.0,26700000.0,The Last Exorcism,2010-08-27,1800000.0,68365900.0,37.98105555555556,87.0,"['Drama', 'Horror', 'Thriller']",5.6,45815,"[27, 18, 53]",En,9.35,5.6,519.0,2010,37.98105555555556,67700000.0
Lgf,21100000.0,46300000.0,The Next Three Days,2010-11-19,30000000.0,37255916.0,1.2418638666666666,133.0,"['Action', 'Crime', 'Drama']",7.4,168066,"[10749, 18, 53, 80]",En,11.147,7.0,1469.0,2010,1.2418638666666666,67400000.0
Uni.,21400000.0,45400000.0,Skyline,2010-11-12,10000000.0,58264973.0,5.8264973,92.0,"['Action', 'Sci-Fi', 'Thriller']",4.4,83710,"[878, 28]",En,8.847,4.8,833.0,2010,5.8264973,66800000.0
Mgm,50300000.0,14300000.0,Hot Tub Time Machine,2010-03-26,36000000.0,29967750.0,0.8324375,101.0,"['Comedy', 'Sci-Fi']",6.4,153962,"[878, 35, 12]",En,10.15,6.0,1383.0,2010,0.8324375,64600000.0
Uni.,33600000.0,29100000.0,Devil,2010-09-17,10000000.0,53354114.0,5.3354114,80.0,"['Horror', 'Mystery', 'Thriller']",6.2,122080,"[27, 9648, 53]",En,10.203,5.9,1516.0,2010,5.3354114,62700000.0
Foxs,18300000.0,42400000.0,127 Hours,2010-11-05,18000000.0,42217171.0,2.345398388888889,94.0,"['Adventure', 'Biography', 'Drama']",7.6,323949,"[12, 18, 53]",En,11.435,7.0,4469.0,2010,2.345398388888889,60700000.0
Bv,59700000.0,537000.0,Secretariat,2010-10-08,35000000.0,25376247.0,0.7250356285714286,123.0,"['Biography', 'Drama', 'Family']",7.2,24536,[18],En,9.059,7.0,200.0,2010,0.7250356285714286,60237000.0
Sum.,15500000.0,44700000.0,The Ghost Writer,2010-02-19,45000000.0,20532491.0,0.4562775777777778,128.0,"['Drama', 'Mystery', 'Thriller']",7.2,148274,"[53, 9648]",En,7.829,6.8,1135.0,2010,0.4562775777777778,60200000.0
Par.,31000000.0,29000000.0,Morning Glory,2010-11-10,40000000.0,19795070.0,0.49487675,107.0,"['Comedy', 'Drama', 'Romance']",6.5,67367,"[35, 18, 10749]",En,10.595,6.3,717.0,2010,0.49487675,60000000.0
Sum.,19100000.0,37000000.0,Remember Me,2010-03-12,16000000.0,40506120.0,2.5316325,113.0,"['Drama', 'Romance']",7.1,129443,"[18, 10749]",En,11.453,7.1,2079.0,2010,2.5316325,56100000.0
Wb,44900000.0,10700000.0,Cop Out,2010-02-26,37000000.0,18909910.0,0.5110786486486486,107.0,"['Action', 'Comedy', 'Crime']",5.6,81656,"[28, 35, 80]",En,8.82,5.4,796.0,2010,0.5110786486486486,55600000.0
Over.,39100000.0,15700000.0,The Crazies,2010-02-26,19000000.0,37445534.0,1.9708175789473685,101.0,"['Horror', 'Thriller']",6.5,104465,"[9648, 27, 28]",En,12.246,6.2,1036.0,2010,1.9708175789473685,54800000.0
Lgf,24100000.0,28700000.0,From Paris With Love,2010-02-05,52000000.0,1139168.0,0.02190707692307692,92.0,"['Action', 'Crime', 'Thriller']",6.5,107079,"[28, 80, 53]",En,12.862,6.2,1075.0,2010,0.02190707692307692,52800000.0
Mira.,27800000.0,22100000.0,The Switch,2010-08-20,19000000.0,30858465.0,1.6241297368421053,101.0,"['Comedy', 'Drama', 'Romance']",6.1,90661,"[35, 10749, 18]",En,7.745,6.1,1008.0,2010,1.6241297368421053,49900000.0
Par.,32000000.0,17800000.0,She'S Out Of My League,2010-03-12,20000000.0,28680977.0,1.43404885,104.0,"['Comedy', 'Romance']",6.4,117245,"[35, 10749]",En,7.775,6.1,970.0,2010,1.43404885,49800000.0
Uni.,31200000.0,17000000.0,Charlie St. Cloud,2010-07-30,44000000.0,4478084.0,0.10177463636363636,99.0,"['Drama', 'Fantasy', 'Romance']",6.5,55016,"[18, 10749]",En,9.454,6.9,1398.0,2010,0.10177463636363636,48200000.0
Uni.,31500000.0,16100000.0,Scott Pilgrim Vs. The World,2010-08-13,85000000.0,-36943236.0,-0.43462630588235296,112.0,"['Action', 'Comedy', 'Fantasy']",7.5,339338,"[28, 35, 10749]",En,14.383,7.3,3882.0,2010,0.43462630588235296,47600000.0
Lgf,24300000.0,20900000.0,The Spy Next Door,2010-01-15,28000000.0,18752858.0,0.6697449285714285,94.0,"['Action', 'Comedy', 'Family']",5.5,36767,"[28, 35, 10751]",En,10.746,5.7,650.0,2010,0.6697449285714285,45200000.0
Fox,26600000.0,17500000.0,Machete,2010-09-03,12500000.0,33870970.0,2.7096776,105.0,"['Action', 'Crime', 'Thriller']",6.6,182320,"[28, 35, 53]",En,12.557,6.3,1862.0,2010,2.7096776,44100000.0
Foxs,4000000.0,38300000.0,My Name Is Khan,2010-02-12,8470000.0,33885526.0,4.000652420306966,165.0,['Drama'],8.0,90988,"[18, 10749]",Hi,7.619,7.8,409.0,2010,4.000652420306966,42300000.0
Wb (Nl),17800000.0,24200000.0,Going The Distance,2010-09-03,32000000.0,11603990.0,0.3626246875,102.0,"['Comedy', 'Romance']",6.3,54421,"[35, 18, 10749]",En,8.281,6.0,394.0,2010,0.3626246875,42000000.0
Lgf,37700000.0,17300.0,For Colored Girls,2010-11-05,21000000.0,17017873.0,0.8103749047619048,133.0,['Drama'],6.1,6728,[18],En,2.858,6.8,33.0,2010,0.8103749047619048,37717300.0
Sum.,17600000.0,18600000.0,Furry Vengeance,2010-04-30,35000000.0,4340177.0,0.12400505714285714,92.0,"['Comedy', 'Family']",3.8,14700,"[35, 10751]",En,9.45,4.6,283.0,2010,0.12400505714285714,36200000.0
Cbs,23200000.0,12400000.0,Faster,2010-11-24,24000000.0,11792945.0,0.49137270833333335,98.0,"['Action', 'Crime', 'Drama']",6.5,93618,"[80, 18, 28, 53]",En,14.172,6.2,895.0,2010,0.49137270833333335,35600000.0
Focus,20800000.0,13900000.0,The Kids Are All Right,2010-07-09,4000000.0,32275469.0,8.06886725,106.0,"['Comedy', 'Drama', 'Romance']",7.0,120656,"[35, 18]",En,8.426,6.6,854.0,2010,8.06886725,34700000.0
Spc,3200000.0,31000000.0,You Will Meet A Tall Dark Stranger,2010-09-22,15000000.0,19247816.0,1.2831877333333332,98.0,"['Comedy', 'Drama', 'Romance']",6.3,41608,"[35, 18, 10749]",En,6.209,5.8,431.0,2010,1.2831877333333332,34200000.0
Uni.,25900000.0,6700000.0,Leap Year,2010-01-08,19000000.0,13618920.0,0.7167852631578947,100.0,"['Comedy', 'Romance']",6.5,86125,"[10749, 35]",En,11.821,6.7,990.0,2010,0.7167852631578947,32600000.0
Uni.,25900000.0,6700000.0,Leap Year,2010-01-08,19000000.0,13618920.0,0.7167852631578947,100.0,"['Comedy', 'Romance']",6.5,86125,"[18, 35, 10749]",Es,2.563,5.6,30.0,2010,0.7167852631578947,32600000.0
Bv,25700000.0,6300000.0,You Again,2010-09-24,20000000.0,12838945.0,0.64194725,105.0,"['Comedy', 'Family', 'Romance']",5.8,46690,"[35, 10749]",En,10.208,6.2,734.0,2010,0.64194725,32000000.0
Wb,23600000.0,5800000.0,The Losers,2010-04-23,25000000.0,4863840.0,0.1945536,97.0,"['Action', 'Adventure', 'Crime']",6.4,83876,"[28, 12, 80, 9648, 53]",En,10.202,6.2,844.0,2010,0.1945536,29400000.0
Fox,26200000.0,1100000.0,Ramona And Beezus,2010-07-23,15000000.0,12469621.0,0.8313080666666667,103.0,"['Adventure', 'Comedy', 'Family']",6.6,16086,"[35, 10751]",En,7.442,6.3,460.0,2010,0.8313080666666667,27300000.0
Over.,12100000.0,12000000.0,Let Me In,2010-10-01,20000000.0,8270399.0,0.41351995,116.0,"['Drama', 'Fantasy', 'Horror']",7.1,107012,"[18, 27, 9648]",En,9.716,6.7,1061.0,2010,0.41351995,24100000.0
Over.,12100000.0,12000000.0,Let Me In,2010-10-01,20000000.0,8270399.0,0.41351995,116.0,"['Drama', 'Fantasy', 'Horror']",7.1,107012,[18],En,0.675,7.0,2.0,2010,0.41351995,24100000.0
Foxs,21500000.0,29900.0,Just Wright,2010-05-14,12000000.0,9867665.0,0.8223054166666667,100.0,"['Comedy', 'Romance', 'Sport']",5.9,12466,"[35, 18, 10749]",En,7.047,6.2,211.0,2010,0.8223054166666667,21529900.0
Foxs,20300000.0,1200000.0,Our Family Wedding,2010-03-12,14000000.0,7410546.0,0.5293247142857143,103.0,"['Comedy', 'Romance']",4.9,6417,[35],En,5.025,5.5,57.0,2010,0.5293247142857143,21500000.0
Uni.,14700000.0,6200000.0,My Soul To Take,2010-10-08,25000000.0,-8272530.0,-0.3309012,107.0,"['Horror', 'Mystery', 'Thriller']",4.8,18381,"[18, 27, 9648, 53]",En,9.808,5.4,247.0,2010,0.3309012,20900000.0
Sgem,20200000.0,310000.0,Country Strong,2010-12-22,15000000.0,5601987.0,0.3734658,117.0,"['Drama', 'Music']",6.3,16296,"[18, 10749, 10402]",En,7.567,6.3,126.0,2010,0.3734658,20510000.0
Spc,3200000.0,16500000.0,Another Year,2010-12-29,8000000.0,12005613.0,1.500701625,129.0,"['Comedy', 'Drama']",7.3,26273,"[35, 18]",En,9.394,7.0,150.0,2010,1.500701625,19700000.0
Spc,3200000.0,16500000.0,Another Year,2010-12-29,8000000.0,12005613.0,1.500701625,129.0,"['Comedy', 'Drama']",7.3,26273,[18],Ru,1.004,6.3,4.0,2010,1.500701625,19700000.0
Lgf,1000000.0,18100000.0,Buried,2010-09-24,1987650.0,19282640.0,9.701225064774986,95.0,"['Drama', 'Mystery', 'Thriller']",7.0,139426,"[18, 53, 9648]",En,10.888,6.6,1487.0,2010,9.701225064774986,19100000.0
Uni.,13800000.0,4600000.0,Repo Men,2010-03-19,32000000.0,-13804762.0,-0.4313988125,111.0,"['Action', 'Crime', 'Sci-Fi']",6.3,96144,"[28, 878, 53, 80]",En,12.437,6.2,976.0,2010,0.4313988125,18400000.0
Free,195000.0,16000000.0,The Nutcracker In 3D,2010-11-24,90000000.0,-69533984.0,-0.7725998222222222,110.0,"['Action', 'Family', 'Fantasy']",4.3,3119,"[10402, 14, 28, 10751]",En,7.566,5.5,97.0,2010,0.7725998222222222,16195000.0
Cbs,12100000.0,3100000.0,Extraordinary Measures,2010-01-22,31000000.0,-15173016.0,-0.48945212903225804,106.0,['Drama'],6.5,15673,[18],En,6.3,6.3,153.0,2010,0.48945212903225804,15200000.0
Focus,1800000.0,12200000.0,Somewhere,2010-12-22,7000000.0,10023121.0,1.4318744285714287,97.0,"['Comedy', 'Drama']",6.3,40250,"[35, 18]",En,7.596,6.1,376.0,2010,1.4318744285714287,14000000.0
Ratt.,6500000.0,7300000.0,Winter'S Bone,2010-06-11,2000000.0,14131551.0,7.0657755,100.0,"['Drama', 'Mystery']",7.2,127751,[18],En,9.824,6.9,931.0,2010,7.0657755,13800000.0
Spc,1100000.0,11300000.0,Made In Dagenham,2010-11-19,8000000.0,7644196.0,0.9555245,113.0,"['Biography', 'Comedy', 'Drama']",7.2,13121,"[35, 18, 36]",En,7.275,6.6,150.0,2010,0.9555245,12400000.0
Wein.,9700000.0,2600000.0,Blue Valentine,2010-12-29,1000000.0,15566240.0,15.56624,112.0,"['Drama', 'Romance']",7.4,170089,"[18, 10749]",En,8.994,6.9,1677.0,2010,15.56624,12300000.0
Wein.,9700000.0,2600000.0,Blue Valentine,2010-12-29,1000000.0,15566240.0,15.56624,112.0,"['Drama', 'Romance']",7.4,170089,"[18, 10749]",En,8.994,6.9,1677.0,2010,15.56624,12300000.0
Rela.,5700000.0,5400000.0,The Warrior'S Way,2010-12-03,42000000.0,-33485675.0,-0.7972779761904762,100.0,"['Action', 'Fantasy', 'Western']",6.3,24271,"[12, 14, 28, 37, 53]",En,8.259,6.1,203.0,2010,0.7972779761904762,11100000.0
Wb,10500000.0,356000.0,Jonah Hex,2010-06-18,47000000.0,-35977304.0,-0.7654745531914894,81.0,"['Action', 'Drama', 'Fantasy']",4.7,51860,"[28, 37, 18, 14, 53]",En,13.467,4.6,708.0,2010,0.7654745531914894,10856000.0
Foxs,7500000.0,2500000.0,Cyrus,2010-06-18,7000000.0,3062896.0,0.4375565714285714,91.0,"['Comedy', 'Drama', 'Romance']",6.3,32457,"[35, 18, 10749]",En,7.735,6.0,201.0,2010,0.4375565714285714,10000000.0
Foxs,6800000.0,2900000.0,Conviction,2010-10-15,12500000.0,-673020.0,-0.0538416,107.0,"['Biography', 'Crime', 'Drama']",7.2,39771,[18],En,7.51,7.2,297.0,2010,0.0538416,9700000.0
Over.,1800000.0,7700000.0,Stone,2010-10-08,22000000.0,-17934980.0,-0.8152263636363636,105.0,"['Drama', 'Thriller']",5.4,38667,"[18, 53]",En,8.401,5.2,334.0,2010,0.8152263636363636,9500000.0
Over.,1800000.0,7700000.0,Stone,2010-10-08,22000000.0,-17934980.0,-0.8152263636363636,105.0,"['Drama', 'Thriller']",5.4,38667,"[53, 18]",Ru,2.84,4.9,8.0,2010,0.8152263636363636,9500000.0
Foxs,2400000.0,7000000.0,Never Let Me Go,2010-09-15,15000000.0,-3826282.0,-0.25508546666666665,103.0,"['Drama', 'Romance', 'Sci-Fi']",7.1,130084,"[18, 10749, 878]",En,10.012,6.8,1294.0,2010,0.25508546666666665,9400000.0
Uni.,8500000.0,797000.0,Macgruber,2010-05-21,10000000.0,-1370105.0,-0.1370105,90.0,"['Action', 'Comedy', 'Romance']",5.5,39782,"[28, 12, 35]",En,7.666,5.3,270.0,2010,0.1370105,9297000.0
Spc,4300000.0,3600000.0,Inside Job,2010-10-08,2000000.0,5799257.0,2.8996285,109.0,"['Crime', 'Documentary']",8.3,65304,[99],En,9.514,7.8,466.0,2010,2.8996285,7900000.0
Magn.,124000.0,6700000.0,Centurion,2010-08-27,15000000.0,-7114952.0,-0.47433013333333335,97.0,"['Action', 'Adventure', 'Drama']",6.4,74085,"[12, 28, 18]",En,13.548,6.1,673.0,2010,0.47433013333333335,6824000.0
Spc,1000000.0,5700000.0,Animal Kingdom,2010-08-13,4200000.0,3878683.0,0.9234959523809524,113.0,"['Crime', 'Drama']",7.3,51576,"[18, 53, 80, 9648]",En,10.188,6.8,399.0,2010,0.9234959523809524,6700000.0
Focus,6400000.0,128000.0,It'S Kind Of A Funny Story,2010-10-08,8000000.0,-1367050.0,-0.17088125,101.0,"['Comedy', 'Drama', 'Romance']",7.1,125583,"[35, 18]",En,10.01,7.0,1324.0,2010,0.17088125,6528000.0
Lgf,2200000.0,2900000.0,Rabbit Hole,2010-12-17,5000000.0,1205034.0,0.2410068,91.0,['Drama'],7.0,45357,[18],En,9.389,6.8,292.0,2010,0.2410068,5100000.0
App.,3600000.0,1100000.0,The Runaways,2010-03-19,9500000.0,-4221368.0,-0.4443545263157895,106.0,"['Biography', 'Drama', 'Music']",6.6,43792,"[18, 10402]",En,8.19,6.4,448.0,2010,0.4443545263157895,4700000.0
Drft.,305000.0,4400000.0,Four Lions,2010-11-05,3750000.0,-1313889.0,-0.3503704,97.0,"['Comedy', 'Crime', 'Drama']",7.3,66209,"[35, 80, 18]",En,9.968,7.0,621.0,2010,0.3503704,4705000.0
Spc,4000000.0,280000.0,Please Give,2010-04-30,3000000.0,1570178.0,0.5233926666666666,87.0,"['Comedy', 'Drama']",6.6,10652,"[35, 18]",En,5.945,6.3,81.0,2010,0.5233926666666666,4280000.0
Magn.,237000.0,4000000.0,Monsters,2010-10-29,500000.0,5139730.0,10.27946,94.0,"['Drama', 'Sci-Fi', 'Thriller']",6.4,84332,"[18, 53, 878]",En,10.175,6.2,848.0,2010,10.27946,4237000.0
Magn.,237000.0,4000000.0,Monsters,2010-10-29,500000.0,5139730.0,10.27946,94.0,"['Drama', 'Sci-Fi', 'Thriller']",6.4,84332,"[12, 18, 878]",En,1.122,7.4,5.0,2010,10.27946,4237000.0
Ifc,217000.0,3800000.0,The Killer Inside Me,2010-06-18,13000000.0,-9382723.0,-0.721747923076923,109.0,"['Crime', 'Drama', 'Horror']",6.1,31727,"[80, 18, 53]",En,7.087,5.9,304.0,2010,0.721747923076923,4017000.0
Free,109000.0,3300000.0,Wild Target,2010-10-29,8000000.0,-2685806.0,-0.33572575,98.0,"['Action', 'Comedy', 'Crime']",6.8,33915,"[28, 35]",En,9.355,6.4,356.0,2010,0.33572575,3409000.0
Relbig.,1600000.0,1300000.0,Kites,2010-05-21,9200000.0,7955193.0,0.8646948913043478,123.0,"['Action', 'Drama', 'Romance']",6.1,11353,"[18, 28, 10749]",Hi,6.058,5.8,67.0,2010,0.8646948913043478,2900000.0
Viv.,2800000.0,60300.0,Letters To God,2010-04-09,3000000.0,237452.0,0.07915066666666666,110.0,"['Drama', 'Family']",6.3,4443,"[18, 10751]",En,4.242,6.9,71.0,2010,0.07915066666666666,2860300.0
Eros,1200000.0,1200000.0,Housefull,2010-04-30,10100000.0,8626300.0,0.8540891089108911,144.0,['Comedy'],5.5,11089,,,,,,2010,0.8540891089108911,2400000.0
Wb,1800000.0,0.0,Flipped,2010-08-06,14000000.0,-9710007.0,-0.6935719285714286,90.0,"['Comedy', 'Drama', 'Romance']",7.7,74937,"[10749, 18]",En,9.781,7.4,859.0,2010,0.6935719285714286,1800000.0
Wb,1800000.0,0.0,Flipped,2010-08-06,14000000.0,-9710007.0,-0.6935719285714286,90.0,"['Comedy', 'Drama', 'Romance']",7.7,74937,"[18, 53]",En,0.962,7.0,2.0,2010,0.6935719285714286,1800000.0
Ato,1000000.0,40700.0,Casino Jack,2010-12-17,12500000.0,-10227814.0,-0.81822512,108.0,"['Biography', 'Comedy', 'Crime']",6.2,16191,"[80, 35, 18]",En,9.432,6.1,149.0,2010,0.81822512,1040700.0
Magn.,582000.0,62500.0,All Good Things,2010-12-03,20000000.0,-19126383.0,-0.95631915,101.0,"['Crime', 'Drama', 'Mystery']",6.3,49684,"[18, 9648, 53, 80, 10749]",En,7.871,6.0,493.0,2010,0.95631915,644500.0
Anch.,93100.0,480000.0,I Spit On Your Grave,2010-10-08,1750000.0,-471529.0,-0.2694451428571429,108.0,"['Horror', 'Thriller']",6.3,68592,"[53, 80, 27]",En,13.102,6.3,977.0,2010,0.2694451428571429,573100.0
Magn.,453000.0,4500.0,The Extra Man,2010-07-30,7000000.0,-6507892.0,-0.9296988571428572,108.0,['Comedy'],5.9,4580,[35],En,5.056,5.9,46.0,2010,0.9296988571428572,457500.0
Ifc,392000.0,0.0,Tiny Furniture,2010-11-12,50000.0,374149.0,7.48298,98.0,"['Comedy', 'Drama', 'Romance']",6.2,13397,"[10749, 35, 18]",En,6.695,5.9,82.0,2010,7.48298,392000.0
Mira.,278000.0,68700.0,The Tempest,2010-12-10,20000000.0,-19722057.0,-0.98610285,110.0,"['Comedy', 'Drama', 'Fantasy']",5.4,7073,"[18, 14]",En,6.3,5.8,52.0,2010,0.98610285,346700.0
Gold.,159000.0,158000.0,Welcome To The Rileys,2010-10-29,10000000.0,-9644081.0,-0.9644081,110.0,['Drama'],7.0,22210,[18],En,8.348,6.5,241.0,2010,0.9644081,317000.0
Strand,208000.0,97100.0,The Girl On The Train,2016-10-07,45000000.0,129278214.0,2.8728492,112.0,"['Crime', 'Drama', 'Mystery']",6.5,150977,[53],En,1.595,5.9,25.0,2016,2.8728492,305100.0
Strand,208000.0,97100.0,The Girl On The Train,2016-10-07,45000000.0,129278214.0,2.8728492,112.0,"['Crime', 'Drama', 'Mystery']",6.5,150977,"[80, 18, 9648, 10749, 53]",En,11.927,6.3,3479.0,2016,2.8728492,305100.0
Strand,208000.0,97100.0,The Girl On The Train,2016-10-07,45000000.0,129278214.0,2.8728492,112.0,"['Crime', 'Drama', 'Mystery']",6.5,150977,"[80, 18, 9648, 10749, 53]",En,11.927,6.3,3479.0,2016,2.8728492,305100.0
Magn.,101000.0,16400.0,Freakonomics,2010-10-01,2900000.0,-2727133.0,-0.9403906896551724,93.0,['Documentary'],6.4,6466,[99],En,5.705,6.6,57.0,2010,0.9403906896551724,117400.0
P/Dw,352400000.0,771400000.0,Transformers: Dark Of The Moon,2011-06-29,195000000.0,928790543.0,4.763028425641026,154.0,"['Action', 'Adventure', 'Sci-Fi']",6.2,366409,"[28, 878, 12]",En,5.339,6.1,4961.0,2011,4.763028425641026,1123800000.0
Bv,241100000.0,804600000.0,Pirates Of The Caribbean: On Stranger Tides,2011-05-20,410600000.0,635063875.0,1.5466728567949342,136.0,"['Action', 'Adventure', 'Fantasy']",6.6,447624,"[12, 28, 14]",En,30.579,6.4,8571.0,2011,1.5466728567949342,1045700000.0
P/Dw,165200000.0,500400000.0,Kung Fu Panda 2,2011-05-26,150000000.0,514837547.0,3.4322503133333333,90.0,"['Action', 'Adventure', 'Animation']",7.2,228465,"[16, 10751]",En,17.363,6.7,3628.0,2011,3.4322503133333333,665600000.0
Uni.,209800000.0,416300000.0,Fast Five,2011-04-29,125000000.0,505163454.0,4.041307632,130.0,"['Action', 'Crime', 'Thriller']",7.3,329892,"[28, 53, 80]",En,2.097,7.2,4294.0,2011,4.041307632,626100000.0
Wb,254500000.0,332300000.0,The Hangover Part Ii,2011-05-26,80000000.0,506464305.0,6.3308038125,102.0,"['Comedy', 'Mystery']",6.5,432800,[35],En,32.266,6.4,6231.0,2011,6.3308038125,586800000.0
Sony,142600000.0,421100000.0,The Smurfs,2011-07-29,110000000.0,453749323.0,4.124993845454545,103.0,"['Adventure', 'Animation', 'Comedy']",5.5,77577,"[16, 10751, 12, 35, 14]",En,16.533,5.6,2112.0,2011,4.124993845454545,563700000.0
Bv,191500000.0,370700000.0,Cars 2,2011-06-24,200000000.0,360155383.0,1.800776915,106.0,"['Adventure', 'Animation', 'Comedy']",6.2,138914,"[16, 10751, 12, 35]",En,23.498,5.9,4058.0,2011,1.800776915,562200000.0
P/Dw,149300000.0,405700000.0,Puss In Boots,2011-10-28,130000000.0,424987477.0,3.2691344384615384,90.0,"['Action', 'Adventure', 'Animation']",6.6,133355,"[28, 12, 16, 10751, 14, 35]",En,9.078,6.3,1422.0,2011,3.2691344384615384,555000000.0
Wb,186800000.0,358600000.0,Sherlock Holmes: A Game Of Shadows,2011-12-16,125000000.0,410663443.0,3.285307544,129.0,"['Action', 'Adventure', 'Crime']",7.5,394189,"[12, 28, 80, 9648]",En,18.301,7.1,6380.0,2011,3.285307544,545400000.0
Fox,143600000.0,341000000.0,Rio,2011-04-15,90000000.0,397519809.0,4.416886766666667,96.0,"['Adventure', 'Animation', 'Comedy']",6.9,191621,"[16, 12, 35, 10751]",En,14.695,6.6,3730.0,2011,4.416886766666667,484600000.0
Fox,176800000.0,305000000.0,Rise Of The Planet Of The Apes,2011-08-05,93000000.0,377986200.0,4.064367741935484,105.0,"['Action', 'Drama', 'Sci-Fi']",7.6,473020,"[53, 28, 18, 878]",En,22.995,7.2,7259.0,2011,4.064367741935484,481800000.0
Par.,181000000.0,268300000.0,Thor,2011-05-06,150000000.0,299326618.0,1.9955107866666666,115.0,"['Action', 'Adventure', 'Fantasy']",7.0,683264,"[12, 14, 28]",En,38.068,6.7,12764.0,2011,1.9955107866666666,449300000.0
Par.,77600000.0,296400000.0,The Adventures Of Tintin,2011-12-21,130000000.0,243993951.0,1.8768765461538461,107.0,"['Action', 'Adventure', 'Animation']",7.3,202430,"[12, 16, 9648]",En,11.981,6.8,3251.0,2011,1.8768765461538461,374000000.0
Par.,176700000.0,193900000.0,Captain America: The First Avenger,2011-07-22,140000000.0,230569776.0,1.6469269714285715,124.0,"['Action', 'Adventure', 'Sci-Fi']",6.9,668137,"[28, 12, 878]",En,25.808,6.9,12810.0,2011,1.6469269714285715,370600000.0
Fox,146400000.0,207200000.0,X-Men: First Class,2011-06-03,160000000.0,195408305.0,1.22130190625,131.0,"['Action', 'Adventure', 'Sci-Fi']",7.7,608930,"[28, 878, 12]",En,1.447,7.2,8211.0,2011,1.22130190625,353600000.0
Fox,133100000.0,209600000.0,Alvin And The Chipmunks: Chipwrecked,2011-12-16,80000000.0,269088523.0,3.3636065375,87.0,"['Adventure', 'Animation', 'Comedy']",4.4,28158,"[35, 14, 10751, 10402, 16]",En,12.672,5.5,1055.0,2011,3.3636065375,342700000.0
Bv,85500000.0,213800000.0,Real Steel,2011-10-07,110000000.0,153880341.0,1.398912190909091,127.0,"['Action', 'Drama', 'Family']",7.1,283534,"[28, 878, 18]",En,14.811,6.8,4566.0,2011,1.398912190909091,299300000.0
Uni.,169100000.0,119300000.0,Bridesmaids,2011-05-13,32500000.0,257132023.0,7.911754553846154,125.0,"['Comedy', 'Romance']",6.8,249501,"[35, 10749]",En,9.805,6.5,2783.0,2011,7.911754553846154,288400000.0
Par.,127000000.0,133100000.0,Super 8,2011-06-10,50000000.0,207972745.0,4.1594549,112.0,"['Mystery', 'Sci-Fi', 'Thriller']",7.0,320575,"[53, 878, 9648]",En,14.39,6.7,3934.0,2011,4.1594549,260100000.0
Par.,123500000.0,122200000.0,Rango,2011-03-04,135000000.0,110724600.0,0.8201822222222223,107.0,"['Adventure', 'Animation', 'Comedy']",7.2,215761,"[16, 35, 10751, 37, 12]",En,14.462,6.6,3412.0,2011,0.8201822222222223,245700000.0
Sony,98800000.0,129000000.0,The Green Hornet,2011-01-14,110000000.0,119155503.0,1.0832318454545455,119.0,"['Action', 'Comedy', 'Crime']",5.8,148622,"[28, 80, 35]",En,14.501,5.5,1897.0,2011,1.0832318454545455,227800000.0
Rela.,83500000.0,143400000.0,Immortals,2011-11-11,75000000.0,136562435.0,1.8208324666666666,110.0,"['Action', 'Drama', 'Fantasy']",6.0,152992,"[14, 28, 18]",En,14.774,5.8,1431.0,2011,1.8208324666666666,226900000.0
Wb,116600000.0,103300000.0,Green Lantern,2011-06-17,200000000.0,19535492.0,0.09767746,114.0,"['Action', 'Adventure', 'Sci-Fi']",5.5,252281,"[12, 28, 53, 878]",En,17.257,5.1,4290.0,2011,0.09767746,219900000.0
Bv,169700000.0,46900000.0,The Help,2011-08-10,25000000.0,188120004.0,7.52480016,146.0,['Drama'],8.1,392699,[18],En,12.598,8.1,3944.0,2011,7.52480016,216600000.0
Sony,100300000.0,115900000.0,Bad Teacher,2011-06-24,19000000.0,196448997.0,10.339420894736842,92.0,"['Comedy', 'Romance']",5.7,181189,[35],En,13.549,5.5,2894.0,2011,10.339420894736842,216200000.0
Sony,103000000.0,111900000.0,Just Go With It,2011-02-11,80000000.0,134974953.0,1.6871869125,117.0,"['Comedy', 'Romance']",6.4,200932,"[35, 10749]",En,19.565,6.4,2958.0,2011,1.6871869125,214900000.0
Wb (Nl),117500000.0,92100000.0,Horrible Bosses,2011-07-08,35000000.0,177417601.0,5.069074314285714,98.0,"['Comedy', 'Crime']",6.9,398695,"[35, 80]",En,14.058,6.5,3842.0,2011,5.069074314285714,209600000.0
Par.,104000000.0,103000000.0,Paranormal Activity 3,2011-10-21,5000000.0,202039844.0,40.4079688,83.0,"['Horror', 'Mystery', 'Thriller']",5.8,85689,[27],En,9.669,5.9,1197.0,2011,40.4079688,207000000.0
Par.,73900000.0,111900000.0,Hugo,2011-11-23,180000000.0,47784.0,0.00026546666666666665,126.0,"['Adventure', 'Drama', 'Family']",7.5,284869,"[12, 18, 10751]",En,12.936,7.1,4124.0,2011,0.00026546666666666665,185800000.0
Uni.,108100000.0,75900000.0,Hop,2011-04-01,63000000.0,125657593.0,1.9945649682539683,95.0,"['Adventure', 'Animation', 'Comedy']",5.4,28893,"[16, 35, 10751]",En,14.738,5.6,611.0,2011,1.9945649682539683,184000000.0
Bv,79900000.0,97700000.0,War Horse,2011-12-25,70000000.0,86815529.0,1.2402218428571428,146.0,"['Drama', 'History', 'War']",7.2,136447,"[18, 10752]",En,10.378,7.2,1849.0,2011,1.2402218428571428,177600000.0
Foxs,82600000.0,94700000.0,The Descendants,2011-11-16,20000000.0,155507800.0,7.77539,115.0,"['Comedy', 'Drama']",7.3,223464,"[35, 18]",En,10.444,6.8,1522.0,2011,7.77539,177300000.0
Fox,37500000.0,136400000.0,In Time,2011-10-28,35000000.0,130103952.0,3.7172557714285714,109.0,"['Action', 'Crime', 'Drama']",6.7,346077,"[28, 53, 878]",En,18.912,6.8,6245.0,2011,3.7172557714285714,173900000.0
Sony,80400000.0,89500000.0,Zookeeper,2011-07-08,80000000.0,90805525.0,1.1350690625,102.0,"['Comedy', 'Family', 'Romance']",5.2,52396,"[35, 10749, 10751]",En,10.764,5.3,886.0,2011,1.1350690625,169900000.0
Bv,88600000.0,76600000.0,The Muppets,2011-11-23,45000000.0,115971922.0,2.5771538222222223,103.0,"['Adventure', 'Comedy', 'Family']",7.1,82752,"[35, 10751, 10402]",En,11.324,6.6,831.0,2011,2.5771538222222223,165200000.0
Rela.,79200000.0,82600000.0,Limitless,2011-03-18,27000000.0,128564919.0,4.761663666666666,105.0,"['Mystery', 'Sci-Fi', 'Thriller']",7.4,492490,"[53, 9648, 878]",En,19.453,7.1,6295.0,2011,4.761663666666666,161800000.0
Uni.,8300000.0,151800000.0,Johnny English Reborn,2011-10-21,45000000.0,119640401.0,2.6586755777777777,101.0,"['Action', 'Adventure', 'Comedy']",6.3,110824,"[80, 12, 28, 35, 53]",En,15.542,6.1,1810.0,2011,2.6586755777777777,160100000.0
Wb (Nl),42600000.0,115300000.0,Final Destination 5,2011-08-12,40000000.0,115011165.0,2.875279125,92.0,['Horror'],5.9,98061,"[27, 9648]",En,13.392,6.0,1701.0,2011,2.875279125,157900000.0
Uni.,78000000.0,74900000.0,Tower Heist,2011-11-04,85000000.0,65422946.0,0.7696817176470588,104.0,"['Action', 'Comedy', 'Crime']",6.2,125102,"[28, 35]",En,12.213,6.0,1592.0,2011,0.7696817176470588,152900000.0
Spc,56800000.0,94300000.0,Midnight In Paris,2011-05-20,30000000.0,132502774.0,4.416759133333334,94.0,"['Comedy', 'Fantasy', 'Romance']",7.7,356500,"[14, 35, 10749]",En,13.171,7.5,3965.0,2011,4.416759133333334,151100000.0
Wb,64000000.0,86400000.0,Happy Feet Two,2011-11-18,135000000.0,22956466.0,0.1700478962962963,100.0,"['Adventure', 'Animation', 'Comedy']",5.9,38396,"[16, 35, 10751]",En,8.131,5.9,754.0,2011,0.1700478962962963,150400000.0
Bv,55100000.0,94800000.0,I Am Number Four,2011-02-18,50000000.0,96195159.0,1.92390318,111.0,"['Action', 'Adventure', 'Sci-Fi']",6.1,217762,"[28, 53, 878, 12]",En,11.555,6.0,2805.0,2011,1.92390318,149900000.0
Sony,74200000.0,75500000.0,Jack And Jill,2011-11-11,79000000.0,71519217.0,0.9053065443037974,91.0,['Comedy'],3.3,71361,[35],En,11.277,4.1,1124.0,2011,0.9053065443037974,149700000.0
Sgem,55800000.0,93700000.0,Friends With Benefits,2011-07-22,35000000.0,111595891.0,3.1884540285714285,109.0,"['Comedy', 'Romance']",6.6,317338,"[10749, 35]",En,14.019,6.6,4637.0,2011,3.1884540285714285,149500000.0
Par.,70700000.0,78600000.0,No Strings Attached,2011-01-21,25000000.0,124228078.0,4.96912312,108.0,"['Comedy', 'Romance']",6.2,197663,"[35, 10749]",En,14.203,6.2,2612.0,2011,4.96912312,149300000.0
Sony,46500000.0,101000000.0,Arthur Christmas,2011-11-23,85000000.0,64717124.0,0.7613779294117647,97.0,"['Adventure', 'Animation', 'Comedy']",7.1,45439,"[18, 16, 10751, 35]",En,12.981,6.7,692.0,2011,0.7613779294117647,147500000.0
Sum.,54700000.0,92600000.0,Source Code,2011-04-01,32000000.0,108428499.0,3.38839059375,93.0,"['Action', 'Drama', 'Sci-Fi']",7.5,452036,"[53, 878, 9648]",En,13.495,7.2,4529.0,2011,3.38839059375,147300000.0
Wb,75700000.0,59800000.0,Contagion,2011-09-09,60000000.0,77551594.0,1.2925265666666668,106.0,"['Action', 'Drama', 'Thriller']",6.6,201536,"[18, 53, 878]",En,10.444,6.3,2128.0,2011,1.2925265666666668,135500000.0
Wein.,44700000.0,88800000.0,The Artist,2011-11-25,16000000.0,112256712.0,7.0160445,100.0,"['Comedy', 'Drama', 'Romance']",7.9,217184,"[18, 35, 10749]",En,10.155,7.4,1787.0,2011,7.0160445,133500000.0
Wb,63700000.0,67099999.0,Unknown,2011-02-18,40000000.0,96123083.0,2.403077075,113.0,"['Action', 'Mystery', 'Thriller']",6.9,235167,"[28, 9648, 53]",En,12.08,6.6,2043.0,2011,2.403077075,130799999.0
Wb,63700000.0,67099999.0,Unknown,2006-11-03,3700000.0,-344952.0,-0.09323027027027027,113.0,"['Action', 'Mystery', 'Thriller']",6.9,235167,"[28, 9648, 53]",En,12.08,6.6,2043.0,2006,0.09323027027027027,130799999.0
Uni.,62500000.0,65400000.0,The Adjustment Bureau,2011-03-04,50200000.0,76731325.0,1.5285124501992031,106.0,"['Romance', 'Sci-Fi', 'Thriller']",7.1,227616,"[878, 53, 10749]",En,13.717,6.6,2615.0,2011,1.5285124501992031,127900000.0
Fox,75600000.0,44500000.0,We Bought A Zoo,2011-12-23,50000000.0,68729073.0,1.37458146,124.0,"['Comedy', 'Drama', 'Family']",7.1,126849,"[18, 35, 10751]",En,9.931,6.7,1523.0,2011,1.37458146,120100000.0
Fox,58700000.0,58400000.0,Water For Elephants,2011-04-22,38000000.0,78809717.0,2.0739399210526317,120.0,"['Drama', 'Romance']",6.9,105812,"[18, 10749]",En,6.209,6.9,1627.0,2011,2.0739399210526317,117100000.0
Wein.,30000000.0,84900000.0,The Iron Lady,2012-01-13,14000000.0,101592104.0,7.256578857142857,105.0,"['Biography', 'Drama']",6.4,96066,"[36, 18]",En,8.987,6.4,899.0,2012,7.256578857142857,114900000.0
Sony,75600000.0,34600000.0,Moneyball,2011-09-23,50000000.0,61300835.0,1.2260167,133.0,"['Biography', 'Drama', 'Sport']",7.6,326657,[18],En,15.393,7.1,2255.0,2011,1.2260167,110200000.0
Uni.,23200000.0,85400000.0,Sanctum,2011-02-04,30000000.0,78957098.0,2.631903266666667,108.0,"['Adventure', 'Drama', 'Thriller']",5.9,51318,"[28, 53]",En,7.457,5.9,515.0,2011,2.631903266666667,108600000.0
Par.,73000000.0,26000000.0,Justin Bieber: Never Say Never,2011-02-11,13000000.0,86034125.0,6.618009615384615,105.0,"['Documentary', 'Music']",1.6,74978,"[99, 10402, 10751]",En,8.602,5.1,240.0,2011,6.618009615384615,99000000.0
Uni.,37400000.0,60600000.0,Paul,2011-03-18,40000000.0,61162106.0,1.52905265,104.0,"['Adventure', 'Comedy', 'Sci-Fi']",7.0,220567,"[12, 35, 878]",En,15.234,6.5,3017.0,2011,1.52905265,98000000.0
W/Dim.,38200000.0,59000000.0,Scream 4,2011-04-15,40000000.0,55989590.0,1.39973975,111.0,"['Horror', 'Mystery']",6.2,118779,"[27, 9648]",En,16.082,6.2,1610.0,2011,1.39973975,97200000.0
Fd,54000000.0,43000000.0,Insidious,2011-04-01,1500000.0,98370886.0,65.58059066666667,103.0,"['Horror', 'Mystery', 'Thriller']",6.9,254197,"[27, 53]",En,16.197,6.9,3582.0,2011,65.58059066666667,97000000.0
Wb (Nl),33000000.0,63000000.0,The Rite,2011-01-28,37000000.0,60143987.0,1.6255131621621621,114.0,"['Drama', 'Horror', 'Mystery']",6.0,85604,"[18, 53, 27]",En,9.676,5.9,994.0,2011,1.6255131621621621,96000000.0
Wb,72300000.0,23100000.0,Dolphin Tale,2011-09-23,37000000.0,59068724.0,1.596452,113.0,"['Drama', 'Family']",6.9,20746,"[18, 10751]",En,10.679,6.8,327.0,2011,1.596452,95400000.0
Rela.,24800000.0,66800000.0,Season Of The Witch,2011-01-07,40000000.0,51126600.0,1.278165,95.0,"['Action', 'Adventure', 'Fantasy']",5.4,85777,"[12, 14, 28]",En,12.535,5.3,1352.0,2011,1.278165,91600000.0
Wb,36400000.0,53400000.0,Sucker Punch,2011-03-25,75000000.0,14758389.0,0.19677852,110.0,"['Action', 'Adventure', 'Fantasy']",6.1,218371,"[28, 14, 53]",En,14.416,6.0,2716.0,2011,0.19677852,89800000.0
Wb,37700000.0,51500000.0,Red Riding Hood,2011-03-11,42000000.0,49678442.0,1.1828200476190476,100.0,"['Fantasy', 'Horror', 'Mystery']",5.5,102369,"[14, 53, 27]",En,11.856,5.9,1884.0,2011,1.1828200476190476,89200000.0
Wb,37300000.0,47600000.0,J. Edgar,2011-11-09,35000000.0,49606030.0,1.4173151428571429,137.0,"['Biography', 'Crime', 'Drama']",6.6,115925,"[18, 80, 36]",En,8.628,6.2,1303.0,2011,1.4173151428571429,84900000.0
Wb (Nl),45100000.0,38100000.0,Hall Pass,2011-02-25,68000000.0,19173475.0,0.2819628676470588,105.0,"['Comedy', 'Romance']",5.9,113775,"[35, 10749]",En,9.984,5.5,1009.0,2011,0.2819628676470588,83200000.0
Fox,37900000.0,44800000.0,"Big Mommas: Like Father, Like Son",2011-02-18,32000000.0,50332450.0,1.5728890625,107.0,"['Action', 'Comedy', 'Crime']",4.4,23520,"[80, 35, 28]",En,16.024,5.5,623.0,2011,1.5728890625,82700000.0
Lgf,28100000.0,54000000.0,Abduction,2011-09-23,35000000.0,51648359.0,1.4756674,106.0,"['Action', 'Mystery', 'Thriller']",5.1,72552,"[53, 28, 9648]",En,17.69,5.8,1791.0,2011,1.4756674,82100000.0
Sgem,29100000.0,49200000.0,Priest,2011-05-13,60000000.0,24154026.0,0.4025671,87.0,"['Action', 'Adventure', 'Fantasy']",5.7,108320,"[14, 27]",En,15.318,5.5,1157.0,2011,0.4025671,78300000.0
Cbs,29100000.0,47000000.0,The Mechanic,2011-01-28,42500000.0,33847393.0,0.7964092470588235,93.0,"['Action', 'Crime', 'Thriller']",6.6,141254,"[28, 53, 80]",En,14.387,6.3,1676.0,2011,0.7964092470588235,76100000.0
Sony,41000000.0,35000000.0,The Ides Of March,2011-10-07,23000000.0,54735925.0,2.3798228260869565,101.0,"['Drama', 'Thriller']",7.1,207417,[18],En,10.127,6.7,1405.0,2011,2.3798228260869565,76000000.0
Uni.,37100000.0,38400000.0,The Change-Up,2011-08-05,52000000.0,23997067.0,0.4614820576923077,112.0,"['Comedy', 'Fantasy']",6.3,155374,[35],En,12.122,6.0,1406.0,2011,0.4614820576923077,75500000.0
Lgf,58000000.0,17000000.0,The Lincoln Lawyer,2011-03-18,40000000.0,47145086.0,1.17862715,118.0,"['Crime', 'Drama', 'Thriller']",7.3,196109,"[80, 18, 53]",En,11.812,7.1,1525.0,2011,1.17862715,75000000.0
Fox,52700000.0,19700000.0,Diary Of A Wimpy Kid: Rodrick Rules,2011-03-25,18000000.0,55695194.0,3.0941774444444445,99.0,"['Comedy', 'Family']",6.6,23135,"[10751, 35]",En,8.961,6.4,492.0,2011,3.0941774444444445,72400000.0
Uni.,35600000.0,36400000.0,Larry Crowne,2011-07-01,30000000.0,31449135.0,1.0483045,98.0,"['Comedy', 'Drama', 'Romance']",6.1,58927,"[35, 10749, 18]",En,7.261,5.8,676.0,2011,1.0483045,72000000.0
Uni.,48500000.0,21200000.0,The Dilemma,2011-01-14,70000000.0,546865.0,0.007812357142857143,111.0,"['Comedy', 'Drama']",5.3,48148,"[35, 18]",En,9.518,5.3,448.0,2011,0.007812357142857143,69700000.0
Sum.,21400000.0,43200000.0,The Darkest Hour,2011-12-25,34800000.0,28031715.0,0.8055090517241379,89.0,"['Action', 'Adventure', 'Horror']",4.9,55071,"[27, 28, 53, 878]",En,10.73,4.9,735.0,2011,0.8055090517241379,64600000.0
Focus,40300000.0,23500000.0,Hanna,2011-04-08,30000000.0,35343694.0,1.1781231333333333,111.0,"['Action', 'Drama', 'Thriller']",6.8,179178,"[28, 53, 12]",En,9.709,6.6,1944.0,2011,1.1781231333333333,63800000.0
Tris,36700000.0,24300000.0,Colombiana,2011-08-26,40000000.0,32295262.0,0.80738155,108.0,"['Action', 'Drama', 'Thriller']",6.4,87659,"[28, 53, 80, 18]",En,10.584,6.5,1371.0,2011,0.80738155,61000000.0
Wb,39000000.0,21100000.0,Something Borrowed,2011-05-06,35000000.0,30084116.0,0.8595461714285715,112.0,"['Comedy', 'Drama', 'Romance']",5.9,54314,"[35, 18, 10749]",En,7.567,6.1,591.0,2011,0.8595461714285715,60100000.0
Focus,13800000.0,45500000.0,One Day,2011-08-19,15000000.0,44168692.0,2.9445794666666667,107.0,"['Drama', 'Romance']",7.0,128094,"[18, 10749]",En,10.308,7.2,2105.0,2011,2.9445794666666667,59300000.0
Orf,25100000.0,31300000.0,Killer Elite,2011-09-23,70000000.0,-4590954.0,-0.06558505714285714,116.0,"['Action', 'Crime', 'Thriller']",6.5,117711,"[28, 12, 53]",En,15.135,6.2,1093.0,2011,0.06558505714285714,56400000.0
Foxs,13300000.0,41000000.0,The Tree Of Life,2011-05-27,35000000.0,26721826.0,0.7634807428571428,139.0,"['Drama', 'Fantasy']",6.8,156266,"[18, 14]",En,11.569,6.6,1730.0,2011,0.7634807428571428,54300000.0
Bv,26700000.0,23200000.0,Winnie The Pooh,2011-07-15,30000000.0,20145607.0,0.6715202333333333,63.0,"['Adventure', 'Animation', 'Comedy']",7.2,19605,"[16, 10751]",En,11.147,6.9,444.0,2011,0.6715202333333333,49900000.0
Tris,43900000.0,3200000.0,Soul Surfer,2011-04-08,18000000.0,29158652.0,1.619925111111111,112.0,"['Biography', 'Drama', 'Family']",7.1,41659,"[10751, 28, 18]",En,8.459,7.0,688.0,2011,1.619925111111111,47100000.0
Focus,31200000.0,14500000.0,The Debt,2011-08-31,20000000.0,26604054.0,1.3302027,113.0,"['Drama', 'Thriller']",6.9,61046,"[18, 53]",En,12.697,6.6,403.0,2011,1.3302027,45700000.0
Cbs,27900000.0,15300000.0,Beastly,2011-03-04,17000000.0,21028230.0,1.236954705882353,86.0,"['Drama', 'Fantasy', 'Romance']",5.6,72599,"[18, 14, 10749, 878]",En,10.136,6.1,1748.0,2011,1.236954705882353,43200000.0
Sony,37100000.0,3500000.0,30 Minutes Or Less,2011-08-12,28000000.0,12966716.0,0.463097,83.0,"['Action', 'Comedy', 'Crime']",6.1,87254,"[28, 12, 35]",En,11.315,5.6,825.0,2011,0.463097,40600000.0
Sgem,37300000.0,3200000.0,The Roommate,2011-02-04,16000000.0,36545707.0,2.2841066875,91.0,"['Drama', 'Thriller']",4.9,33062,"[53, 18, 27]",En,8.134,5.4,406.0,2011,2.2841066875,40500000.0
Rela.,18900000.0,21300000.0,Shark Night 3D,2011-09-02,25000000.0,-6122847.0,-0.24491388,90.0,"['Horror', 'Thriller']",4.0,23190,"[27, 53]",En,7.879,5.0,245.0,2011,0.24491388,40200000.0
Fox,23200000.0,16500000.0,Monte Carlo,2011-07-01,20000000.0,19686769.0,0.98433845,109.0,"['Adventure', 'Comedy', 'Family']",5.8,38731,"[12, 35, 10749]",En,11.017,6.2,1193.0,2011,0.98433845,39700000.0
Sum.,35000000.0,4200000.0,50/50,2011-09-30,8000000.0,33334735.0,4.166841875,100.0,"['Comedy', 'Drama', 'Romance']",7.7,300475,"[35, 18]",En,12.451,7.1,2111.0,2011,4.166841875,39200000.0
Bv,21400000.0,17600000.0,Mars Needs Moms,2011-03-11,150000000.0,-110450242.0,-0.7363349466666667,88.0,"['Adventure', 'Animation', 'Family']",5.4,19823,"[12, 16, 10751]",En,8.852,5.7,299.0,2011,0.7363349466666667,39000000.0
Uni.,21300000.0,17200000.0,Dream House,2011-09-30,50000000.0,-8357834.0,-0.16715668,84.0,"['Drama', 'Mystery', 'Thriller']",6.0,59714,"[18, 53, 9648]",En,9.047,6.0,670.0,2011,0.16715668,38500000.0
Tris,37300000.0,415000.0,Jumping The Broom,2011-05-06,7000000.0,31158601.0,4.4512287142857145,112.0,"['Comedy', 'Drama']",5.7,9089,[35],En,8.477,6.0,103.0,2011,4.4512287142857145,37715000.0
Fd,24000000.0,12900000.0,Don'T Be Afraid Of The Dark,2011-08-26,25000000.0,14126427.0,0.56505708,99.0,"['Fantasy', 'Horror', 'Thriller']",5.6,44490,"[14, 27, 53]",En,8.405,5.5,550.0,2011,0.56505708,36900000.0
Wb,35100000.0,326000.0,A Very Harold & Kumar 3D Christmas,2011-11-04,20000000.0,16265745.0,0.81328725,90.0,"['Adventure', 'Comedy']",6.3,62151,,,,,,2011,0.81328725,35426000.0
Wein.,14600000.0,20500000.0,My Week With Marilyn,2011-11-23,10000000.0,24240572.0,2.4240572,99.0,"['Biography', 'Drama']",7.0,79337,[18],En,12.081,6.7,741.0,2011,2.4240572,35100000.0
Fox,30400000.0,4500000.0,The Sitter,2011-12-09,25000000.0,13749404.0,0.54997616,81.0,['Comedy'],5.7,65575,[35],En,11.571,5.4,472.0,2011,0.54997616,34900000.0
Tris,34500000.0,0.0,Courageous,2011-09-30,2000000.0,33185884.0,16.592942,129.0,['Drama'],7.0,17586,[18],En,7.406,7.0,128.0,2011,16.592942,34500000.0
Wein.,9700000.0,20900000.0,I Don'T Know How She Does It,2011-09-16,24000000.0,474463.0,0.019769291666666668,89.0,"['Comedy', 'Romance']",4.9,18552,"[10749, 35]",En,8.271,5.2,231.0,2011,0.019769291666666668,30600000.0
Fox,14000000.0,16399999.0,What'S Your Number?,2011-09-30,20000000.0,10163785.0,0.50818925,106.0,"['Comedy', 'Romance']",6.1,67922,"[35, 10749]",En,10.391,6.4,1271.0,2011,0.50818925,30399999.0
Sum.,10700000.0,18200000.0,Drive Angry,2011-02-25,50000000.0,-8957417.0,-0.17914834,104.0,"['Action', 'Fantasy', 'Thriller']",5.4,90203,"[14, 53, 28, 80]",En,14.096,5.3,959.0,2011,0.17914834,28900000.0
Spc,5700000.0,21800000.0,A Dangerous Method,2011-11-23,20000000.0,-5192469.0,-0.25962345,99.0,"['Biography', 'Drama', 'Romance']",6.4,93259,"[18, 53]",En,10.352,6.3,1066.0,2011,0.25962345,27500000.0
Focus,19500000.0,7600000.0,The Eagle,2011-02-11,25000000.0,13993548.0,0.55974192,114.0,"['Action', 'Adventure', 'Drama']",6.2,61475,"[12, 18]",En,8.443,6.1,694.0,2011,0.55974192,27100000.0
W/Dim.,17700000.0,7900000.0,Apollo 18,2011-09-02,5000000.0,21517819.0,4.3035638,86.0,"['Horror', 'Mystery', 'Sci-Fi']",5.2,51427,"[27, 53, 878]",En,8.384,5.0,486.0,2011,4.3035638,25600000.0
Ratt.,5100000.0,20000000.0,Biutiful,2011-01-28,35000000.0,-10312476.0,-0.2946421714285714,148.0,"['Drama', 'Romance']",7.5,80382,[18],Es,7.697,7.2,546.0,2011,0.2946421714285714,25100000.0
Uni.,21600000.0,3300000.0,Your Highness,2011-04-08,50000000.0,-23878362.0,-0.47756724,102.0,"['Adventure', 'Comedy', 'Fantasy']",5.5,92940,"[14, 18, 28, 35, 878]",En,0.6,3.0,4.0,2011,0.47756724,24900000.0
Uni.,21600000.0,3300000.0,Your Highness,2011-04-08,50000000.0,-23878362.0,-0.47756724,102.0,"['Adventure', 'Comedy', 'Fantasy']",5.5,92940,"[35, 12, 14]",En,12.254,5.3,735.0,2011,0.47756724,24900000.0
Wein.,24800000.0,0.0,Our Idiot Brother,2011-08-26,5000000.0,20861249.0,4.1722498,90.0,"['Comedy', 'Drama']",6.4,80738,"[35, 18]",En,8.523,6.1,527.0,2011,4.1722498,24800000.0
Fd,13100000.0,10800000.0,The Rum Diary,2011-10-28,45000000.0,-23455268.0,-0.5212281777777777,119.0,"['Comedy', 'Drama']",6.2,94787,"[18, 35]",En,12.011,5.7,652.0,2011,0.5212281777777777,23900000.0
Lgf,13700000.0,9400000.0,Warrior,2011-09-09,25000000.0,-784615.0,-0.0313846,140.0,"['Drama', 'Sport']",8.2,403755,[18],En,15.478,7.8,2189.0,2011,0.0313846,23100000.0
Par.,16300000.0,6600000.0,Young Adult,2011-12-09,12000000.0,10750356.0,0.895863,94.0,"['Comedy', 'Drama']",6.3,74071,"[35, 18]",En,8.335,5.7,603.0,2011,0.895863,22900000.0
Spc,5400000.0,14200000.0,The Guard,2011-07-29,6000000.0,15197454.0,2.532909,96.0,"['Comedy', 'Crime', 'Thriller']",7.3,75183,"[28, 35, 53, 80]",En,10.177,6.9,563.0,2011,2.532909,19600000.0
Ratt.,5400000.0,14200000.0,Margin Call,2011-10-21,3400000.0,17033227.0,5.009772647058823,107.0,"['Drama', 'Thriller']",7.1,107264,"[53, 18]",En,9.498,6.8,856.0,2011,5.009772647058823,19600000.0
Foxs,3900000.0,13800000.0,Shame,2011-12-02,6500000.0,13912841.0,2.1404370769230767,101.0,['Drama'],7.2,171353,[18],En,13.152,7.0,1607.0,2011,2.1404370769230767,17700000.0
Foxs,3900000.0,13800000.0,Shame,2011-12-02,6500000.0,13912841.0,2.1404370769230767,101.0,['Drama'],7.2,171353,[18],Ru,1.4,6.5,2.0,2011,2.1404370769230767,17700000.0
Foxs,3900000.0,13800000.0,Shame,2011-12-02,6500000.0,13912841.0,2.1404370769230767,101.0,['Drama'],7.2,171353,"[10752, 18]",Sv,7.642,7.8,77.0,2011,2.1404370769230767,17700000.0
Ratt.,164000.0,16600000.0,The Last Godfather,2011-04-01,13400000.0,-13235753.0,-0.9877427611940298,100.0,"['Comedy', 'Crime', 'Romance']",3.7,1071,"[28, 35, 53]",Ko,1.4,4.9,9.0,2011,0.9877427611940298,16764000.0
Magn.,3000000.0,12900000.0,Melancholia,2011-11-11,9400000.0,12417298.0,1.3209891489361703,135.0,"['Drama', 'Sci-Fi']",7.2,153434,"[18, 878]",Da,11.123,7.1,1642.0,2011,1.3209891489361703,15900000.0
Ratt.,11500000.0,3900000.0,The Conspirator,2011-04-15,25000000.0,-9092589.0,-0.36370356,122.0,"['Crime', 'Drama', 'History']",6.9,26416,"[80, 18, 36]",En,6.493,6.5,226.0,2011,0.36370356,15400000.0
Sony,4500000.0,10900000.0,Anonymous,2011-10-28,27500000.0,-11684491.0,-0.42489058181818185,130.0,"['Drama', 'Thriller']",6.9,37932,"[18, 36, 53]",En,8.114,6.4,434.0,2011,0.42489058181818185,15400000.0
Focus,5800000.0,8500000.0,Beginners,2011-06-03,3200000.0,11114407.0,3.4732521875,105.0,"['Comedy', 'Drama', 'Romance']",7.2,83770,"[18, 10749, 35]",En,10.322,6.9,532.0,2011,3.4732521875,14300000.0
Foxs,1300000.0,10000000.0,Snow Flower And The Secret Fan,2011-07-15,6000000.0,5348205.0,0.8913675,104.0,"['Drama', 'History']",6.1,3429,"[18, 36]",En,4.519,5.9,39.0,2011,0.8913675,11300000.0
Jan.,612000.0,9900000.0,Le Havre,2011-10-21,5500000.0,7980196.0,1.4509447272727272,93.0,"['Comedy', 'Drama']",7.2,18490,"[18, 35]",Fr,5.973,6.9,169.0,2011,1.4509447272727272,10512000.0
Bv,10100000.0,0.0,Prom,2011-04-29,8000000.0,2763183.0,0.345397875,104.0,"['Comedy', 'Drama', 'Family']",5.4,14279,"[35, 10749]",En,6.911,6.0,276.0,2011,0.345397875,10100000.0
Magn.,708000.0,8500000.0,Point Blank,1967-09-18,3000000.0,-3000000.0,-1.0,81.0,"['Action', 'Crime', 'Drama']",6.8,12706,"[28, 53, 80]",Fr,6.021,6.6,230.0,1967,1.0,9208000.0
Fox,7200000.0,244000.0,The Big Year,2011-10-14,41000000.0,-33315476.0,-0.8125725853658536,100.0,['Comedy'],6.2,39522,[35],En,7.077,5.8,393.0,2011,0.8125725853658536,7444000.0
Sum.,971000.0,6300000.0,The Beaver,2011-05-06,21000000.0,-15953962.0,-0.7597124761904762,91.0,['Drama'],6.7,45173,[18],En,7.357,6.3,464.0,2011,0.7597124761904762,7271000.0
Rela.,6900000.0,0.0,Take Me Home Tonight,2011-03-04,19000000.0,-11423396.0,-0.6012313684210526,97.0,"['Comedy', 'Drama', 'Romance']",6.3,48393,"[35, 18, 10749]",En,11.321,6.1,339.0,2011,0.6012313684210526,6900000.0
Foxs,6900000.0,0.0,Cedar Rapids,2011-02-11,10000000.0,-2137869.0,-0.2137869,87.0,['Comedy'],6.3,34759,[35],En,7.694,6.0,206.0,2011,0.2137869,6900000.0
Osci.,1700000.0,4300000.0,We Need To Talk About Kevin,2012-01-13,7000000.0,3765283.0,0.5378975714285714,112.0,"['Drama', 'Mystery', 'Thriller']",7.5,123619,"[18, 53]",En,11.964,7.6,1306.0,2012,0.5378975714285714,6000000.0
Osci.,1700000.0,4300000.0,We Need To Talk About Kevin,2012-01-13,7000000.0,3765283.0,0.5378975714285714,112.0,"['Drama', 'Mystery', 'Thriller']",7.5,123619,"[18, 53]",En,11.964,7.6,1306.0,2012,0.5378975714285714,6000000.0
Sgem,1000000.0,4800000.0,Attack The Block,2011-07-29,13000000.0,-6540817.0,-0.5031397692307692,88.0,"['Action', 'Comedy', 'Sci-Fi']",6.7,93868,"[28, 35, 878]",En,9.612,6.4,1144.0,2011,0.5031397692307692,5800000.0
Omni/Fsr,1200000.0,3400000.0,Dylan Dog: Dead Of Night,2011-04-29,20000000.0,-13906275.0,-0.69531375,107.0,"['Action', 'Comedy', 'Crime']",5.1,14120,"[28, 35, 27, 9648, 878, 53]",En,7.508,4.4,243.0,2011,0.69531375,4600000.0
Parv,3400000.0,336000.0,Like Crazy,2011-10-28,250000.0,3478400.0,13.9136,86.0,"['Drama', 'Romance']",6.7,55841,"[18, 10749]",En,10.091,6.5,638.0,2011,13.9136,3736000.0
Foxs,3000000.0,548000.0,Martha Marcy May Marlene,2011-10-21,1000000.0,4438911.0,4.438911,102.0,"['Drama', 'Mystery', 'Thriller']",6.9,45873,"[18, 53]",En,9.477,6.7,413.0,2011,4.438911,3548000.0
Rela.,539000.0,2800000.0,Machine Gun Preacher,2011-09-23,30000000.0,-26278012.0,-0.8759337333333334,129.0,"['Action', 'Biography', 'Crime']",6.8,60074,"[28, 53, 80]",En,9.12,6.5,477.0,2011,0.8759337333333334,3339000.0
Spc,1700000.0,1400000.0,Take Shelter,2011-09-30,4750000.0,222016.0,0.04674021052631579,121.0,"['Drama', 'Horror', 'Thriller']",7.4,83200,"[53, 18]",En,11.236,7.2,787.0,2011,0.04674021052631579,3100000.0
Ratt.,2700000.0,0.0,Everything Must Go,2011-05-13,5000000.0,-2178990.0,-0.435798,97.0,"['Comedy', 'Drama']",6.4,45799,"[35, 18, 10749]",En,7.493,6.0,301.0,2011,0.435798,2700000.0
Ifc,230000.0,1600000.0,Brighton Rock,2011-08-26,11000000.0,-10770347.0,-0.9791224545454545,111.0,"['Crime', 'Drama', 'Thriller']",5.7,5784,"[18, 53, 80]",En,4.749,6.0,57.0,2011,0.9791224545454545,1830000.0
Foxs,1300000.0,456000.0,Another Earth,2011-07-22,175000.0,1927779.0,11.01588,92.0,"['Drama', 'Romance', 'Sci-Fi']",7.0,85839,"[18, 878]",En,10.03,6.7,853.0,2011,11.01588,1756000.0
Sum.,1800000.0,0.0,A Better Life,2011-06-24,10000000.0,-8115749.0,-0.8115749,98.0,"['Drama', 'Romance']",7.2,14602,[18],En,5.885,7.1,97.0,2011,0.8115749,1800000.0
Sum.,1800000.0,0.0,A Better Life,2011-06-24,10000000.0,-8115749.0,-0.8115749,98.0,"['Drama', 'Romance']",7.2,14602,[99],En,0.6,10.0,1.0,2011,0.8115749,1800000.0
Foxs,1400000.0,0.0,The Art Of Getting By,2011-06-17,4000000.0,-2010965.0,-0.50274125,83.0,"['Drama', 'Romance']",6.6,53682,"[18, 10749]",En,8.695,6.5,752.0,2011,0.50274125,1400000.0
Lgf,1400000.0,0.0,The Devil'S Double,2011-07-29,19100000.0,-13134354.0,-0.6876625130890053,109.0,"['Biography', 'Drama', 'Thriller']",7.1,58342,"[18, 28, 53, 80, 10752]",En,7.505,6.7,291.0,2011,0.6876625130890053,1400000.0
Smod,1100000.0,0.0,Red State,2011-09-23,4000000.0,-2016404.0,-0.504101,88.0,"['Action', 'Crime', 'Horror']",6.2,59266,"[27, 28, 53]",En,7.816,6.1,472.0,2011,0.504101,1100000.0
Gold.,1100000.0,0.0,There Be Dragons,2011-05-06,36000000.0,-31979010.0,-0.8883058333333334,122.0,"['Biography', 'Drama', 'War']",5.8,4326,"[18, 10752]",En,7.058,5.1,93.0,2011,0.8883058333333334,1100000.0
Osci.,978000.0,0.0,Meek'S Cutoff,2011-04-08,2000000.0,-130072.0,-0.065036,104.0,"['Drama', 'Western']",6.6,10439,"[18, 37]",En,7.309,6.5,113.0,2011,0.065036,978000.0
Wein.,468000.0,397000.0,Submarine,2011-06-03,1900000.0,2681937.0,1.4115457894736843,97.0,"['Comedy', 'Drama', 'Romance']",7.3,79810,"[18, 35, 10749]",En,7.412,7.4,770.0,2011,1.4115457894736843,865000.0
Spc,842000.0,0.0,Higher Ground,2011-08-23,1800000.0,-957307.0,-0.5318372222222222,109.0,['Drama'],6.3,2869,"[18, 53]",En,4.545,5.9,21.0,2011,0.5318372222222222,842000.0
Magn.,703000.0,0.0,Hobo With A Shotgun,2011-05-06,3000000.0,-2165047.0,-0.7216823333333333,86.0,"['Action', 'Comedy', 'Horror']",6.1,41633,"[80, 28, 53]",En,8.844,5.9,300.0,2011,0.7216823333333333,703000.0
Magn.,201000.0,423000.0,Blackthorn,2011-10-07,4500000.0,-3282693.0,-0.7294873333333334,102.0,"['Action', 'Adventure', 'Western']",6.6,8553,"[12, 28, 37]",En,7.548,6.7,111.0,2011,0.7294873333333334,624000.0
Ratt.,569000.0,0.0,The Future,2011-07-29,1000000.0,239174.0,0.239174,91.0,"['Drama', 'Fantasy', 'Romance']",6.2,7648,"[35, 18]",En,3.836,5.8,38.0,2011,0.239174,569000.0
Ratt.,569000.0,0.0,The Future,2011-07-29,1000000.0,239174.0,0.239174,91.0,"['Drama', 'Fantasy', 'Romance']",6.2,7648,[18],It,2.336,5.8,11.0,2011,0.239174,569000.0
Foxs,564000.0,0.0,Dum Maaro Dum,2011-04-22,5200000.0,6433427.0,1.2371975,128.0,"['Action', 'Crime', 'Drama']",6.2,3616,"[18, 28, 80]",Hi,1.491,5.4,16.0,2011,1.2371975,564000.0
Ratt.,454000.0,0.0,Circumstance,2011-08-26,900000.0,58978.0,0.06553111111111111,107.0,['Drama'],5.9,7055,[18],Fa,2.86,6.9,45.0,2011,0.06553111111111111,454000.0
Ifc,25400.0,427000.0,The Other Woman,2014-04-25,40000000.0,155111193.0,3.877779825,109.0,"['Comedy', 'Romance']",6.0,122889,[18],En,9.15,6.2,220.0,2014,3.877779825,452400.0
Ifc,25400.0,427000.0,The Other Woman,2014-04-25,40000000.0,155111193.0,3.877779825,109.0,"['Comedy', 'Romance']",6.0,122889,"[35, 10749]",En,11.894,6.3,2276.0,2014,3.877779825,452400.0
Ifc,25400.0,427000.0,The Other Woman,2014-04-25,40000000.0,155111193.0,3.877779825,109.0,"['Comedy', 'Romance']",6.0,122889,"[18, 35, 10749]",Fr,6.359,4.9,60.0,2014,3.877779825,452400.0
Whe,383000.0,0.0,Hesher,2011-05-13,7000000.0,-6617054.0,-0.9452934285714286,106.0,"['Comedy', 'Crime', 'Drama']",7.0,48483,[18],En,7.14,7.0,335.0,2011,0.9452934285714286,383000.0
P4,8500.0,347000.0,Another Happy Day,2011-11-18,4000000.0,-3021473.0,-0.75536825,119.0,"['Comedy', 'Drama']",6.0,3793,"[35, 18]",En,5.473,6.1,60.0,2011,0.75536825,355500.0
Ifc,328000.0,0.0,Super,2011-04-01,2500000.0,-1906067.0,-0.7624268,96.0,"['Action', 'Comedy', 'Drama']",6.8,70604,"[35, 28, 18]",En,11.36,6.6,726.0,2011,0.7624268,328000.0
Fd,304000.0,0.0,In The Land Of Blood And Honey,2011-12-23,13000000.0,-12490807.0,-0.9608313076923077,127.0,"['Drama', 'Romance', 'War']",4.4,32776,"[18, 10749, 10752]",En,5.099,6.1,83.0,2011,0.9608313076923077,304000.0
Magn.,100000.0,0.0,Rubber,2011-04-01,500000.0,180914.0,0.361828,82.0,"['Comedy', 'Fantasy', 'Horror']",5.8,31316,"[35, 18, 14, 27, 9648]",En,8.319,5.9,417.0,2011,0.361828,100000.0
Magn.,100000.0,0.0,Rubber,2011-04-01,500000.0,180914.0,0.361828,82.0,"['Comedy', 'Fantasy', 'Horror']",5.8,31316,"[35, 18, 14, 27, 9648]",En,8.319,5.9,417.0,2011,0.361828,100000.0
Anch.,77200.0,0.0,Beautiful Boy,2018-10-12,25000000.0,-11968576.0,-0.47874304,120.0,"['Biography', 'Drama']",7.3,30368,[18],En,5.872,6.0,47.0,2018,0.47874304,77200.0
Anch.,77200.0,0.0,Beautiful Boy,2018-10-12,25000000.0,-11968576.0,-0.47874304,120.0,"['Biography', 'Drama']",7.3,30368,[18],En,17.409,7.6,500.0,2018,0.47874304,77200.0
Foxs,46500.0,0.0,Margaret,2011-09-30,14000000.0,-13376708.0,-0.9554791428571429,150.0,['Drama'],6.5,14708,[18],En,8.747,6.3,138.0,2011,0.9554791428571429,46500.0
Ifc,33200.0,0.0,Stake Land,2011-04-22,4000000.0,-3320518.0,-0.8301295,98.0,"['Drama', 'Horror', 'Sci-Fi']",6.5,38749,"[18, 27, 878]",En,8.799,6.2,415.0,2011,0.8301295,33200.0
Anch.,30700.0,0.0,The Son Of No One,2011-11-04,15000000.0,-13851422.0,-0.9234281333333333,90.0,"['Action', 'Crime', 'Drama']",5.1,15743,"[18, 53, 80]",En,7.586,5.1,156.0,2011,0.9234281333333333,30700.0
Anch.,17500.0,0.0,5 Days Of War,2011-08-19,12000000.0,-11912207.0,-0.9926839166666667,113.0,"['Action', 'Drama', 'War']",5.6,13089,"[10752, 18]",En,8.689,5.7,102.0,2011,0.9926839166666667,17500.0
Alp,2800.0,0.0,Blood Ties,2014-03-21,26000000.0,-23076041.0,-0.8875400384615385,127.0,"['Action', 'Crime', 'Drama']",6.5,17771,"[53, 80, 18]",En,12.003,6.1,268.0,2014,0.8875400384615385,2800.0
Sony,304400000.0,804200000.0,Skyfall,2012-11-08,200000000.0,910526981.0,4.552634905,143.0,"['Action', 'Adventure', 'Thriller']",7.8,592221,"[28, 12, 53]",En,19.27,7.1,10441.0,2012,4.552634905,1108600000.0
Wb,448100000.0,636800000.0,The Dark Knight Rises,2012-07-20,275000000.0,809439099.0,2.9434149054545453,164.0,"['Action', 'Thriller']",8.4,1387769,"[28, 80, 18, 53]",En,26.22,7.7,13933.0,2012,2.9434149054545453,1084900000.0
Wb (Nl),303000000.0,718100000.0,The Hobbit: An Unexpected Journey,2012-12-14,250000000.0,767003568.0,3.068014272,169.0,"['Adventure', 'Family', 'Fantasy']",7.9,719629,"[12, 14, 28]",En,26.939,7.2,12076.0,2012,3.068014272,1021100000.0
Fox,161300000.0,715900000.0,Ice Age: Continental Drift,2012-07-13,95000000.0,784765137.0,8.26068565263158,88.0,"['Adventure', 'Animation', 'Comedy']",6.6,175601,"[16, 35, 12, 10751]",En,17.537,6.3,4598.0,2012,8.26068565263158,877200000.0
Sony,262000000.0,495900000.0,The Amazing Spider-Man,2012-07-03,220000000.0,537890267.0,2.444955759090909,136.0,"['Action', 'Adventure', 'Sci-Fi']",7.0,525632,"[28, 12, 14]",En,24.391,6.5,10411.0,2012,2.444955759090909,757900000.0
P/Dw,216400000.0,530500000.0,Madagascar 3: Europe'S Most Wanted,2012-06-08,145000000.0,601921271.0,4.151181179310345,93.0,"['Adventure', 'Animation', 'Comedy']",6.8,146858,"[16, 10751, 35]",En,18.705,6.5,3380.0,2012,4.151181179310345,746900000.0
Lgf,408000000.0,286400000.0,The Hunger Games,2012-03-23,80000000.0,597923379.0,7.4740422375,142.0,"['Action', 'Adventure', 'Sci-Fi']",7.2,795227,"[878, 12, 14]",En,14.212,7.1,14587.0,2012,7.4740422375,694400000.0
Fox,125000000.0,484000000.0,Life Of Pi,2012-11-21,120000000.0,500912003.0,4.174266691666666,127.0,"['Adventure', 'Drama', 'Fantasy']",7.9,535836,"[12, 18, 28]",En,15.0,7.3,8723.0,2012,4.174266691666666,609000000.0
Uni.,218800000.0,330600000.0,Ted,2012-06-29,50000000.0,506016627.0,10.12033254,106.0,"['Comedy', 'Fantasy']",6.9,538367,"[35, 14]",En,14.475,6.3,7727.0,2012,10.12033254,549400000.0
Bv,237300000.0,303200000.0,Brave,2012-06-22,185000000.0,369606532.0,1.997873145945946,93.0,"['Adventure', 'Animation', 'Comedy']",7.1,338728,[28],Th,0.6,5.0,1.0,2012,1.997873145945946,540500000.0
Bv,237300000.0,303200000.0,Brave,2012-06-22,185000000.0,369606532.0,1.997873145945946,93.0,"['Adventure', 'Animation', 'Comedy']",7.1,338728,"[16, 12, 35, 10751, 28, 14]",En,18.908,6.9,8116.0,2012,1.997873145945946,540500000.0
Bv,189400000.0,281800000.0,Wreck-It Ralph,2012-11-02,165000000.0,331511521.0,2.0091607333333332,101.0,"['Adventure', 'Animation', 'Comedy']",7.7,344496,"[10751, 16, 35, 12]",En,22.967,7.3,7780.0,2012,2.0091607333333332,471200000.0
Wein.,162800000.0,262600000.0,Django Unchained,2012-12-25,100000000.0,349948323.0,3.49948323,165.0,"['Drama', 'Western']",8.4,1211405,"[18, 37]",En,21.26,8.0,15725.0,2012,3.49948323,425400000.0
Fox,126500000.0,276900000.0,Prometheus,2012-06-08,125000000.0,277448265.0,2.21958612,124.0,"['Adventure', 'Mystery', 'Sci-Fi']",7.0,538720,"[878, 12, 9648]",En,24.98,6.4,7384.0,2012,2.21958612,403400000.0
Uni.,155300000.0,241300000.0,Snow White And The Huntsman,2012-06-01,170000000.0,231021746.0,1.3589514470588235,127.0,"['Action', 'Adventure', 'Drama']",6.1,258938,"[12, 14, 18]",En,21.233,5.9,5258.0,2012,1.3589514470588235,396600000.0
Fox,139900000.0,236300000.0,Taken 2,2012-10-05,45000000.0,332807404.0,7.395720088888889,92.0,"['Action', 'Thriller']",6.3,273106,"[28, 80, 53]",En,16.078,6.2,4035.0,2012,7.395720088888889,376200000.0
Sony,148300000.0,210100000.0,Hotel Transylvania,2012-09-28,85000000.0,293505812.0,3.4530095529411766,91.0,"['Animation', 'Comedy', 'Family']",7.1,204571,"[16, 35, 10751, 14]",En,15.318,6.9,5013.0,2012,3.4530095529411766,358400000.0
Wb (Nl),103900000.0,231400000.0,Journey 2: The Mysterious Island,2012-02-10,79000000.0,239146162.0,3.027166607594937,94.0,"['Action', 'Adventure', 'Comedy']",5.8,83507,"[12, 28, 878]",En,14.454,5.9,2152.0,2012,3.027166607594937,335300000.0
Lgf,85000000.0,229900000.0,The Expendables 2,2012-08-17,100000000.0,211979256.0,2.11979256,103.0,"['Action', 'Adventure', 'Thriller']",6.6,277584,"[28, 12, 53]",En,17.216,6.2,4219.0,2012,2.11979256,314900000.0
P/Dw,103400000.0,203500000.0,Rise Of The Guardians,2012-11-21,145000000.0,161900902.0,1.1165579448275862,97.0,"['Action', 'Adventure', 'Animation']",7.3,145281,"[16, 10751, 14]",En,14.934,7.3,3697.0,2012,1.1165579448275862,306900000.0
Wb,83700000.0,221600000.0,Wrath Of The Titans,2012-03-30,150000000.0,155270083.0,1.0351338866666666,99.0,"['Action', 'Adventure', 'Fantasy']",5.7,172330,"[14, 12, 28]",En,14.991,5.6,2442.0,2012,1.0351338866666666,305300000.0
Uni.,65400000.0,237600000.0,Battleship,2012-05-18,220000000.0,93477717.0,0.4248987136363636,131.0,"['Action', 'Adventure', 'Sci-Fi']",5.8,225342,"[53, 28, 12, 878]",En,21.742,5.6,3240.0,2012,0.4248987136363636,303000000.0
Bv,73100000.0,211100000.0,John Carter,2012-03-09,275000000.0,7778100.0,0.028284,132.0,"['Action', 'Adventure', 'Sci-Fi']",6.6,241792,"[28, 12, 878]",En,18.549,6.1,3338.0,2012,0.028284,284200000.0
Uni.,113200000.0,162900000.0,The Bourne Legacy,2012-08-10,125000000.0,155355920.0,1.24284736,135.0,"['Action', 'Adventure', 'Thriller']",6.7,268678,"[28, 53]",En,18.05,6.1,3630.0,2012,1.24284736,276100000.0
Bv,182200000.0,93100000.0,Lincoln,2012-11-09,65000000.0,208346281.0,3.2053274,150.0,"['Biography', 'Drama', 'History']",7.4,228701,"[36, 18]",En,12.693,6.8,2261.0,2012,3.2053274,275300000.0
Wb,79700000.0,165800000.0,Dark Shadows,2012-05-11,150000000.0,88202668.0,0.5880177866666667,113.0,"['Comedy', 'Fantasy', 'Horror']",6.2,229818,"[35, 14]",En,15.75,5.9,4197.0,2012,0.5880177866666667,245500000.0
Sgem,42300000.0,197700000.0,Resident Evil: Retribution,2012-09-14,65000000.0,175647629.0,2.7022712153846156,95.0,"['Action', 'Horror', 'Sci-Fi']",5.4,125191,"[28, 27, 878]",En,1.325,5.7,2321.0,2012,2.7022712153846156,240000000.0
Wein.,132100000.0,104300000.0,Silver Linings Playbook,2012-11-16,21000000.0,215412453.0,10.257735857142857,122.0,"['Comedy', 'Drama', 'Romance']",7.7,621018,"[18, 35, 10749]",En,15.351,7.1,7636.0,2012,10.257735857142857,236400000.0
Uni.,57000000.0,178000000.0,American Reunion,2012-04-06,50000000.0,186799211.0,3.73598422,113.0,['Comedy'],6.7,192250,[35],En,17.199,6.2,2679.0,2012,3.73598422,235000000.0
Wb,136000000.0,96300000.0,Argo,2012-10-12,44500000.0,182640757.0,4.104286674157303,120.0,"['Biography', 'Drama', 'Thriller']",7.7,534683,"[18, 53]",En,15.793,7.2,5127.0,2012,4.104286674157303,232300000.0
Par.,80100000.0,138300000.0,Jack Reacher,2012-12-21,60000000.0,157370736.0,2.6228456,130.0,"['Action', 'Crime', 'Thriller']",7.0,284547,"[80, 18, 53, 28]",En,18.312,6.4,4155.0,2012,2.6228456,218400000.0
Uni.,126400000.0,81700000.0,Safe House,2012-02-10,85000000.0,123542162.0,1.4534372,115.0,"['Action', 'Adventure', 'Crime']",6.8,192655,"[28, 53]",En,13.116,6.4,1997.0,2012,1.4534372,208100000.0
Sony,138400000.0,63100000.0,21 Jump Street,2012-03-16,42000000.0,160812429.0,3.8288673571428573,109.0,"['Action', 'Comedy', 'Crime']",7.2,477771,"[28, 35, 80]",En,14.836,6.8,6527.0,2012,3.8288673571428573,201500000.0
Sgem,125000000.0,71100000.0,The Vow,2012-02-10,30000000.0,167618160.0,5.587272,104.0,"['Drama', 'Romance']",6.8,173629,"[18, 10749]",En,13.046,7.1,2409.0,2012,5.587272,196100000.0
Rela.,64900000.0,118100000.0,Mirror Mirror,2012-03-30,85000000.0,88613482.0,1.0425115529411764,106.0,"['Adventure', 'Comedy', 'Drama']",5.6,79510,"[12, 35, 18, 10751, 14]",En,13.221,5.8,2099.0,2012,1.0425115529411764,183000000.0
Lg/S,19000000.0,161300000.0,The Impossible,2012-12-21,40000000.0,129590606.0,3.23976515,114.0,"['Drama', 'History', 'Thriller']",7.6,177762,"[53, 18]",En,14.66,7.2,3614.0,2012,3.23976515,180300000.0
Par.,59700000.0,119700000.0,The Dictator,2012-05-16,65000000.0,115148897.0,1.7715214923076923,83.0,['Comedy'],6.4,250976,[35],En,12.592,6.0,3042.0,2012,1.7715214923076923,179400000.0
Tris,66500000.0,110000000.0,Looper,2012-09-28,30000000.0,140466405.0,4.6822135,113.0,"['Action', 'Crime', 'Drama']",7.4,500595,"[28, 53, 878]",En,16.779,6.8,6723.0,2012,4.6822135,176500000.0
Wb,113700000.0,53500000.0,Magic Mike,2012-06-29,7000000.0,163549753.0,23.364250428571427,110.0,"['Comedy', 'Drama']",6.1,123955,"[18, 35]",En,13.7,6.1,1850.0,2012,23.364250428571427,167200000.0
Par.,93800000.0,68000000.0,Flight,2012-11-02,31000000.0,129558438.0,4.179304451612904,138.0,"['Drama', 'Thriller']",7.3,303009,[18],En,11.692,6.7,3582.0,2012,4.179304451612904,161800000.0
Fox,54800000.0,101700000.0,This Means War,2012-02-17,65000000.0,91974557.0,1.4149931846153847,103.0,"['Action', 'Comedy', 'Romance']",6.3,167438,"[28, 35, 10749]",En,12.017,6.0,2096.0,2012,1.4149931846153847,156500000.0
Par.,53900000.0,88900000.0,Paranormal Activity 4,2012-10-19,5000000.0,137817992.0,27.5635984,88.0,"['Horror', 'Mystery', 'Thriller']",4.6,58408,[27],En,8.965,5.4,1026.0,2012,27.5635984,142800000.0
Lg/S,35100000.0,105400000.0,Step Up Revolution,2012-07-27,33000000.0,132552290.0,4.0167360606060605,99.0,"['Drama', 'Music', 'Romance']",6.5,51295,"[10402, 18, 10749]",En,10.925,6.8,1252.0,2012,4.0167360606060605,140500000.0
Foxs,46400000.0,90400000.0,The Best Exotic Marigold Hotel,2012-05-04,10000000.0,124639780.0,12.463978,124.0,"['Comedy', 'Drama', 'Romance']",7.3,85811,"[18, 35]",En,8.665,6.9,756.0,2012,12.463978,136800000.0
Sony,95700000.0,37100000.0,Zero Dark Thirty,2012-12-19,52500000.0,82112435.0,1.564046380952381,157.0,"['Drama', 'Thriller']",7.4,251072,"[53, 18, 36]",En,14.239,6.9,2553.0,2012,1.564046380952381,132800000.0
Sony,51800000.0,80800000.0,Ghost Rider: Spirit Of Vengeance,2012-02-17,57000000.0,92217355.0,1.6178483333333333,96.0,"['Action', 'Fantasy', 'Thriller']",4.3,103608,"[28, 14, 53]",En,18.678,4.8,2039.0,2012,1.6178483333333333,132600000.0
Wb,27100000.0,103400000.0,Cloud Atlas,2012-10-26,102000000.0,28673154.0,0.28110935294117645,172.0,"['Action', 'Drama', 'Mystery']",7.4,326473,"[18, 878]",En,14.681,6.8,4505.0,2012,0.28110935294117645,130500000.0
Cbs,54300000.0,73400000.0,The Woman In Black,2012-02-03,15000000.0,113955898.0,7.597059866666667,95.0,"['Drama', 'Fantasy', 'Horror']",6.4,165357,"[18, 27, 53]",En,12.781,6.1,2122.0,2012,7.597059866666667,127700000.0
Sony,31100000.0,92000000.0,The Pirates! Band Of Misfits,2012-04-27,55000000.0,81143605.0,1.4753382727272728,88.0,"['Adventure', 'Animation', 'Comedy']",6.7,41958,,,,,,2012,1.4753382727272728,123100000.0
Fox,77300000.0,42500000.0,Parental Guidance,2012-12-25,25000000.0,95832383.0,3.83329532,105.0,"['Comedy', 'Family']",6.1,23711,[35],En,10.124,5.8,276.0,2012,3.83329532,119800000.0
Fox,37500000.0,79000000.0,Abraham Lincoln: Vampire Hunter,2012-06-22,67500000.0,69989730.0,1.0368848888888889,105.0,"['Action', 'Fantasy', 'Horror']",5.9,142853,"[28, 14, 27]",En,12.498,5.6,2009.0,2012,1.0368848888888889,116500000.0
Uni.,65000000.0,50300000.0,Pitch Perfect,2012-09-28,17000000.0,99044347.0,5.826138058823529,112.0,"['Comedy', 'Music', 'Romance']",7.2,256565,"[35, 10402, 10749]",En,13.886,7.3,4233.0,2012,5.826138058823529,115300000.0
Sony,63500000.0,50700000.0,Hope Springs,2012-08-08,30000000.0,103085295.0,3.4361765,100.0,"['Comedy', 'Drama', 'Romance']",6.3,38667,"[18, 35, 10749]",En,8.313,6.1,429.0,2012,3.4361765,114200000.0
Focus,56000000.0,51100000.0,Paranorman,2012-08-17,60000000.0,48119662.0,0.8019943666666667,92.0,"['Adventure', 'Animation', 'Comedy']",7.0,87250,"[10751, 16, 12, 35]",En,13.32,6.8,1358.0,2012,0.8019943666666667,107100000.0
Wb,86900000.0,18000000.0,The Campaign,2012-08-10,95000000.0,9907746.0,0.10429206315789474,85.0,['Comedy'],6.1,118678,[35],En,10.266,5.7,982.0,2012,0.10429206315789474,104900000.0
Wb,54700000.0,48000000.0,Project X,2012-03-02,12000000.0,91028188.0,7.585682333333334,88.0,['Comedy'],6.7,177782,"[35, 80]",En,9.715,6.4,2968.0,2012,7.585682333333334,102700000.0
Wb,54700000.0,48000000.0,Project X,2012-03-02,12000000.0,91028188.0,7.585682333333334,88.0,['Comedy'],6.7,177782,[99],En,1.39,5.6,7.0,2012,7.585682333333334,102700000.0
Par.,53300000.0,48500000.0,The Devil Inside,2012-01-06,1000000.0,100759490.0,100.75949,83.0,['Horror'],4.2,33522,"[53, 27]",En,7.403,4.7,441.0,2012,100.75949,101800000.0
Wb,60500000.0,38900000.0,The Lucky One,2012-04-20,25000000.0,71633833.0,2.86535332,101.0,"['Drama', 'Romance']",6.5,94359,"[18, 10749]",En,13.14,6.9,2012.0,2012,2.86535332,99400000.0
Uni.,66500000.0,29700000.0,Contraband,2012-01-13,25000000.0,73406855.0,2.9362742,109.0,"['Action', 'Crime', 'Drama']",6.5,111709,"[53, 28, 18, 80]",En,12.357,6.2,1114.0,2012,2.9362742,96200000.0
Sgem,91500000.0,4500000.0,Think Like A Man,2012-04-20,12000000.0,101373764.0,8.447813666666667,122.0,"['Comedy', 'Romance']",6.6,41043,"[35, 10749]",En,5.905,6.9,438.0,2012,8.447813666666667,96000000.0
Uni.,67500000.0,20500000.0,This Is 40,2012-12-21,35000000.0,55221182.0,1.577748057142857,134.0,"['Comedy', 'Romance']",6.2,118862,[35],En,8.132,5.7,1296.0,2012,1.577748057142857,88000000.0
Lgf,49100000.0,36300000.0,The Possession,2012-08-31,14000000.0,68925064.0,4.9232188571428575,92.0,"['Horror', 'Mystery', 'Thriller']",5.9,53649,"[27, 53]",En,8.978,5.9,918.0,2012,4.9232188571428575,85400000.0
Lgf,41200000.0,43200000.0,What To Expect When You'Re Expecting,2012-05-18,37500000.0,50973016.0,1.3592804266666667,110.0,"['Comedy', 'Drama', 'Romance']",5.7,65890,"[10749, 35, 18]",En,12.27,5.9,1130.0,2012,1.3592804266666667,84400000.0
Bv,35300000.0,46200000.0,Frankenweenie,2012-10-05,39000000.0,42150788.0,1.080789435897436,87.0,"['Animation', 'Comedy', 'Family']",7.0,89489,"[16, 35, 10751]",En,14.627,6.8,1685.0,2012,1.080789435897436,81500000.0
Rela.,70000000.0,11300000.0,Act Of Valor,2012-02-24,12000000.0,70497035.0,5.874752916666667,110.0,"['Action', 'Adventure', 'Drama']",6.5,63787,"[28, 53, 10752]",En,12.197,6.3,583.0,2012,5.874752916666667,81300000.0
Lg/S,48100000.0,29600000.0,Sinister,2012-10-12,3000000.0,84727807.0,28.242602333333334,110.0,"['Horror', 'Mystery', 'Thriller']",6.8,198345,"[9648, 27]",En,0.6,3.8,8.0,2012,28.242602333333334,77700000.0
Lg/S,48100000.0,29600000.0,Sinister,2012-10-12,3000000.0,84727807.0,28.242602333333334,110.0,"['Horror', 'Mystery', 'Thriller']",6.8,198345,"[27, 53, 9648]",En,13.117,6.8,2935.0,2012,28.242602333333334,77700000.0
Orf,51600000.0,25700000.0,The Grey,2012-01-27,25000000.0,56249176.0,2.24996704,117.0,"['Action', 'Adventure', 'Drama']",6.8,228798,"[18, 53, 28, 12]",En,12.942,6.5,2280.0,2012,2.24996704,77300000.0
Orf,51600000.0,25700000.0,The Grey,2012-01-27,25000000.0,56249176.0,2.24996704,117.0,"['Action', 'Adventure', 'Drama']",6.8,228798,"[18, 53, 28, 12]",En,12.942,6.5,2280.0,2012,2.24996704,77300000.0
Fox,49000000.0,28100000.0,Diary Of A Wimpy Kid: Dog Days,2012-08-03,22000000.0,55229695.0,2.510440681818182,94.0,"['Comedy', 'Family']",6.3,19571,"[35, 10751]",En,11.36,6.2,440.0,2012,2.510440681818182,77100000.0
Spc,16700000.0,56600000.0,To Rome With Love,2012-06-22,21500000.0,52826015.0,2.457023953488372,112.0,"['Comedy', 'Music', 'Romance']",6.3,79381,"[10749, 35, 18]",En,9.563,5.7,1097.0,2012,2.457023953488372,73300000.0
Sony,45300000.0,27800000.0,Here Comes The Boom,2012-10-12,42000000.0,31239258.0,0.7437918571428571,105.0,"['Action', 'Comedy', 'Sport']",6.4,81761,"[28, 35]",En,10.265,6.0,812.0,2012,0.7437918571428571,73100000.0
Focus,12800000.0,56100000.0,Anna Karenina,2012-11-16,49000000.0,22004627.0,0.44907402040816324,129.0,"['Drama', 'Romance']",6.6,84668,"[18, 10749]",En,9.987,6.7,1265.0,2012,0.44907402040816324,68900000.0
Fox,35400000.0,32900000.0,The Watch,2012-07-27,55000000.0,12130045.0,0.22054627272727273,102.0,"['Action', 'Comedy', 'Horror']",5.7,115757,"[28, 35, 878]",En,10.228,5.4,1356.0,2012,0.22054627272727273,68300000.0
Focus,45500000.0,22800000.0,Moonrise Kingdom,2012-05-25,16000000.0,52848446.0,3.303027875,94.0,"['Adventure', 'Comedy', 'Drama']",7.8,291750,"[35, 18, 10749]",En,14.086,7.7,3023.0,2012,3.303027875,68300000.0
Lgf,42100000.0,24400000.0,The Cabin In The Woods,2012-04-13,30000000.0,40689968.0,1.3563322666666666,95.0,['Horror'],7.0,338445,"[27, 35, 53]",En,15.336,6.5,4185.0,2012,1.3563322666666666,66500000.0
Lgf,42100000.0,24400000.0,The Cabin In The Woods,2012-04-13,30000000.0,40689968.0,1.3563322666666666,95.0,['Horror'],7.0,338445,"[27, 35, 53]",En,15.336,6.5,4185.0,2012,1.3563322666666666,66500000.0
Wb (Nl),38500000.0,20900000.0,Rock Of Ages,2012-06-15,70000000.0,-8968068.0,-0.12811525714285715,123.0,"['Comedy', 'Drama', 'Musical']",5.9,69910,"[35, 18, 10402, 10749]",En,11.369,6.1,686.0,2012,0.12811525714285715,59400000.0
Sony,36900000.0,20800000.0,That'S My Boy,2012-06-15,57500000.0,585235.0,0.010178,116.0,['Comedy'],5.6,83009,[35],En,12.817,5.5,831.0,2012,0.010178,57700000.0
Bv,51900000.0,4200000.0,The Odd Life Of Timothy Green,2012-08-15,40000000.0,15249159.0,0.381228975,105.0,"['Comedy', 'Drama', 'Family']",6.6,42770,"[14, 18, 35, 10751]",En,9.216,6.7,605.0,2012,0.381228975,56100000.0
Fox,44300000.0,10500000.0,The Three Stooges,2012-04-13,30000000.0,24052249.0,0.8017416333333334,92.0,"['Comedy', 'Family']",5.1,28570,[35],En,9.358,5.1,215.0,2012,0.8017416333333334,54800000.0
Uni.,28800000.0,25100000.0,The Five-Year Engagement,2012-04-27,30000000.0,31623819.0,1.0541273,124.0,"['Comedy', 'Romance']",6.2,88469,"[10749, 35]",En,10.729,5.8,742.0,2012,1.0541273,53900000.0
Wein.,37400000.0,16300000.0,Lawless,2012-08-29,26000000.0,28393687.0,1.0920648846153846,116.0,"['Crime', 'Drama']",7.3,214055,"[80, 18]",En,12.147,7.0,1660.0,2012,1.0920648846153846,53700000.0
Fox,49900000.0,489000.0,Red Tails,2012-01-20,58000000.0,-7634502.0,-0.1316293448275862,125.0,"['Action', 'Adventure', 'Drama']",5.9,31815,"[18, 28, 12, 36, 10752]",En,10.247,6.0,256.0,2012,0.1316293448275862,50389000.0
Wb,35800000.0,13200000.0,Trouble With The Curve,2012-09-21,60000000.0,-12181087.0,-0.20301811666666666,111.0,"['Drama', 'Sport']",6.8,56129,"[18, 10749]",En,8.548,6.7,613.0,2012,0.20301811666666666,49000000.0
Orf,41000000.0,7100000.0,End Of Watch,2012-09-21,15000000.0,42586606.0,2.8391070666666667,109.0,"['Action', 'Crime', 'Drama']",7.6,211308,"[80, 18, 53]",En,13.152,7.3,1770.0,2012,2.8391070666666667,48100000.0
Lg/S,18600000.0,27600000.0,Man On A Ledge,2012-01-27,42000000.0,7621440.0,0.18146285714285715,102.0,"['Action', 'Adventure', 'Crime']",6.6,137507,"[28, 53, 80]",En,11.263,6.3,1460.0,2012,0.18146285714285715,46200000.0
Rela.,31600000.0,12700000.0,House At The End Of The Street,2012-09-21,6900000.0,37203982.0,5.391881449275362,101.0,"['Drama', 'Horror', 'Thriller']",5.6,66303,"[27, 53]",En,8.72,5.8,1033.0,2012,5.391881449275362,44300000.0
Par.,37100000.0,4700000.0,The Guilt Trip,2012-12-19,40000000.0,1294674.0,0.03236685,95.0,"['Comedy', 'Drama']",5.8,33702,[35],En,8.939,5.4,403.0,2012,0.03236685,41800000.0
Wein.,15000000.0,22900000.0,Killing Them Softly,2012-11-30,15000000.0,24238443.0,1.6158962,97.0,"['Crime', 'Thriller']",6.2,124086,"[80, 53]",En,11.298,6.0,1105.0,2012,1.6158962,37900000.0
Wb,18100000.0,19000000.0,Chernobyl Diaries,2012-05-25,1000000.0,41411721.0,41.411721,86.0,"['Horror', 'Mystery', 'Thriller']",5.0,60304,"[27, 53]",En,14.658,5.0,842.0,2012,41.411721,37100000.0
Lgf,26400000.0,10500000.0,One For The Money,2012-01-27,42000000.0,-5802779.0,-0.13816140476190475,91.0,"['Action', 'Comedy', 'Crime']",5.3,38473,"[28, 35, 80]",En,8.62,5.5,615.0,2012,0.13816140476190475,36900000.0
Lgf,13400000.0,22200000.0,Dredd,2012-09-21,45000000.0,-3532394.0,-0.07849764444444444,95.0,"['Action', 'Crime', 'Sci-Fi']",7.1,234616,"[28, 878]",En,13.223,6.7,2788.0,2012,0.07849764444444444,35600000.0
Ratt.,7900000.0,27600000.0,Arbitrage,2012-09-14,12000000.0,23830713.0,1.98589275,107.0,"['Drama', 'Thriller']",6.6,46774,"[18, 53]",En,12.14,6.2,459.0,2012,1.98589275,35500000.0
Lg/S,25900000.0,8700000.0,Alex Cross,2012-10-19,35000000.0,426759.0,0.012193114285714285,101.0,"['Action', 'Crime', 'Mystery']",5.1,30951,"[28, 53, 80, 9648]",En,9.962,5.1,424.0,2012,0.012193114285714285,34600000.0
Par.,12500000.0,21600000.0,Cirque Du Soleil: Worlds Away,2012-12-21,25000000.0,3012862.0,0.12051448,91.0,['Fantasy'],6.8,7643,"[14, 10751, 10402, 18]",En,6.538,6.8,82.0,2012,0.12051448,34100000.0
Lg/S,17700000.0,15600000.0,The Perks Of Being A Wallflower,2012-09-21,13000000.0,20069303.0,1.5437925384615385,103.0,['Drama'],8.0,422671,[18],En,15.148,7.8,5938.0,2012,1.5437925384615385,33300000.0
Rela.,18900000.0,14400000.0,Haywire,2012-01-20,23000000.0,13374700.0,0.5815086956521739,93.0,"['Action', 'Drama', 'Thriller']",5.8,78681,"[28, 53, 9648]",En,10.015,5.6,747.0,2012,0.5815086956521739,33300000.0
Par.,25300000.0,7400000.0,Katy Perry: Part Of Me,2012-07-05,12000000.0,20700439.0,1.7250365833333334,93.0,"['Documentary', 'Music']",5.9,13034,"[99, 10402]",En,7.139,6.8,147.0,2012,1.7250365833333334,32700000.0
Fd,14300000.0,17900000.0,Lockout,2012-04-13,20000000.0,13943049.0,0.69715245,95.0,"['Action', 'Sci-Fi', 'Thriller']",6.1,89554,"[28, 53, 878]",En,11.273,5.9,1004.0,2012,0.69715245,32200000.0
Wb,30900000.0,226000.0,Joyful Noise,2012-01-13,27500000.0,3657914.0,0.13301505454545454,118.0,"['Comedy', 'Drama', 'Music']",5.8,7575,"[35, 10402]",En,6.787,6.4,70.0,2012,0.13301505454545454,31126000.0
Sony,20300000.0,10800000.0,Premium Rush,2012-08-24,35000000.0,-3606799.0,-0.1030514,91.0,"['Action', 'Crime', 'Thriller']",6.5,105279,"[80, 28, 53]",En,12.484,6.2,1244.0,2012,0.1030514,31100000.0
Rela.,16000000.0,13600000.0,The Raven,2012-04-27,26000000.0,4601801.0,0.17699234615384615,110.0,"['Crime', 'Mystery', 'Thriller']",6.4,79578,"[27, 28, 53, 878]",En,0.6,5.9,5.0,2012,0.17699234615384615,29600000.0
Rela.,16000000.0,13600000.0,The Raven,2012-04-27,26000000.0,4601801.0,0.17699234615384615,110.0,"['Crime', 'Mystery', 'Thriller']",6.4,79578,"[80, 53, 9648]",En,8.635,6.3,681.0,2012,0.17699234615384615,29600000.0
Wein.,16399999.0,11900000.0,The Master,2012-09-14,37500000.0,13147416.0,0.35059776,138.0,['Drama'],7.1,131365,[18],En,12.829,7.1,1323.0,2012,0.35059776,28299999.0
Wein.,16399999.0,11900000.0,The Master,2012-09-14,37500000.0,13147416.0,0.35059776,138.0,['Drama'],7.1,131365,"[36, 28]",Zh,0.6,4.0,1.0,2012,0.35059776,28299999.0
Uni.,20200000.0,4600000.0,Big Miracle,2012-02-03,40000000.0,-14731320.0,-0.368283,107.0,"['Biography', 'Drama', 'Family']",6.5,17585,"[12, 18, 10749]",En,6.76,6.6,250.0,2012,0.368283,24800000.0
P/Dw,18500000.0,3600000.0,A Thousand Words,2012-03-09,40000000.0,-19209514.0,-0.48023785,91.0,"['Comedy', 'Drama']",5.9,36387,"[18, 35]",En,8.017,6.1,685.0,2012,0.48023785,22100000.0
Uni.,17500000.0,4200000.0,Wanderlust,2012-02-24,32500000.0,-8340066.0,-0.2566174153846154,98.0,"['Comedy', 'Romance']",5.6,69081,"[35, 10749]",En,9.896,5.4,693.0,2012,0.2566174153846154,21700000.0
Foxs,12800000.0,8300000.0,Beasts Of The Southern Wild,2012-06-27,1800000.0,21465132.0,11.925073333333334,93.0,"['Adventure', 'Drama', 'Fantasy']",7.3,77440,"[18, 14, 12]",En,7.53,6.9,605.0,2012,11.925073333333334,21100000.0
Ifc,211000.0,20200000.0,Polisse,2012-05-18,8900000.0,13844132.0,1.5555204494382022,127.0,"['Crime', 'Drama']",7.3,12506,[18],Fr,7.682,7.8,670.0,2012,1.5555204494382022,20411000.0
Spc,6700000.0,13100000.0,Amour,2012-12-19,9700000.0,27087044.0,2.792478762886598,127.0,"['Drama', 'Romance']",7.9,84960,"[18, 10749]",Fr,10.705,7.7,746.0,2012,2.792478762886598,19800000.0
Uni.,15600000.0,4099999.0,The Man With The Iron Fists,2012-11-02,15000000.0,7018988.0,0.46793253333333334,95.0,['Action'],5.4,58185,[28],En,15.457,5.3,573.0,2012,0.46793253333333334,19699999.0
Cbs,15000000.0,4400000.0,Seven Psychopaths,2012-10-12,13500000.0,19535736.0,1.4470915555555555,110.0,"['Comedy', 'Crime']",7.2,223493,"[35, 80]",En,10.967,6.8,2109.0,2012,1.4470915555555555,19400000.0
Lg/S,3800000.0,13100000.0,The Cold Light Of Day,2012-09-07,20000000.0,5361206.0,0.2680603,93.0,"['Action', 'Thriller']",4.9,33039,"[28, 53, 9648]",En,8.974,5.1,463.0,2012,0.2680603,16900000.0
Cbs,11500000.0,1700000.0,The Words,2012-09-07,6000000.0,10369708.0,1.7282846666666667,102.0,"['Drama', 'Mystery', 'Romance']",7.1,70308,"[18, 53]",En,7.201,6.6,628.0,2012,1.7282846666666667,13200000.0
Fd,13100000.0,0.0,Playing For Keeps,1986-10-03,35000000.0,-33000000.0,-0.9428571428571428,105.0,"['Comedy', 'Romance', 'Sport']",5.7,27389,"[35, 10749]",En,7.778,5.6,420.0,1986,0.9428571428571428,13100000.0
Orf,12800000.0,347000.0,Silent House,2012-03-09,2000000.0,14610760.0,7.30538,86.0,"['Drama', 'Horror', 'Mystery']",5.3,20831,"[27, 9648]",En,7.079,5.2,184.0,2012,7.30538,13147000.0
Bv,12400000.0,0.0,People Like Us,2012-06-29,16000000.0,-3382528.0,-0.211408,114.0,"['Comedy', 'Drama']",7.1,39618,[18],En,9.078,6.8,360.0,2012,0.211408,12400000.0
Rtwc,448000.0,11500000.0,Bachelorette,2012-09-07,3000000.0,9577401.0,3.192467,87.0,"['Comedy', 'Romance']",5.3,43131,"[35, 10749]",En,7.05,5.4,755.0,2012,3.192467,11948000.0
Par.,9400000.0,2000000.0,Fun Size,2012-10-26,14000000.0,-2833385.0,-0.20238464285714286,86.0,"['Adventure', 'Comedy']",5.4,12926,[35],En,7.072,5.5,249.0,2012,0.20238464285714286,11400000.0
Focus,7100000.0,2600000.0,Seeking A Friend For The End Of The World,2012-06-22,10000000.0,1766959.0,0.1766959,101.0,"['Adventure', 'Comedy', 'Drama']",6.7,102047,"[35, 18, 10749, 878]",En,8.092,6.4,1108.0,2012,0.1766959,9700000.0
Wb,4900000.0,4700000.0,The Apparition,2012-08-24,17000000.0,-6362719.0,-0.3742775882352941,83.0,"['Horror', 'Thriller']",4.1,18112,"[27, 53]",En,7.714,4.3,221.0,2012,0.3742775882352941,9600000.0
Wb,4900000.0,4700000.0,The Apparition,2012-08-24,17000000.0,-6362719.0,-0.3742775882352941,83.0,"['Horror', 'Thriller']",4.1,18112,[18],Fr,7.913,6.4,63.0,2012,0.3742775882352941,9600000.0
Mne,9200000.0,0.0,Bernie,2012-04-27,6000000.0,4106975.0,0.6844958333333333,99.0,"['Biography', 'Comedy', 'Crime']",6.8,53765,"[35, 80, 18]",En,7.518,6.6,503.0,2012,0.6844958333333333,9200000.0
Mne,9200000.0,0.0,Bernie,2012-04-27,6000000.0,4106975.0,0.6844958333333333,99.0,"['Biography', 'Comedy', 'Crime']",6.8,53765,"[35, 80, 18]",En,7.518,6.6,503.0,2012,0.6844958333333333,9200000.0
Foxs,6000000.0,3100000.0,The Sessions,2012-10-19,1000000.0,10495204.0,10.495204,95.0,"['Biography', 'Comedy', 'Drama']",7.2,39731,"[18, 10749, 35]",En,6.46,6.9,296.0,2012,10.495204,9100000.0
Ifc,744000.0,8000000.0,On The Road,2013-03-22,25000000.0,-15686698.0,-0.62746792,124.0,"['Adventure', 'Drama', 'Romance']",6.1,37886,"[12, 18]",En,8.919,5.6,518.0,2013,0.62746792,8744000.0
Lgf,5900000.0,2100000.0,Casa De Mi Padre,2012-03-16,6000000.0,2446952.0,0.4078253333333333,84.0,"['Comedy', 'Western']",5.5,19170,"[35, 37]",En,7.691,5.2,154.0,2012,0.4078253333333333,8000000.0
Ld,6800000.0,0.0,The Collection,2012-11-30,10000000.0,-1109906.0,-0.1109906,82.0,"['Action', 'Horror', 'Thriller']",6.1,42256,"[27, 53]",En,9.059,6.1,465.0,2012,0.1109906,6800000.0
Ld,6800000.0,0.0,The Collection,2012-11-30,10000000.0,-1109906.0,-0.1109906,82.0,"['Action', 'Horror', 'Thriller']",6.1,42256,[],En,0.84,7.0,1.0,2012,0.1109906,6800000.0
Fox,6000000.0,600.0,Chasing Mavericks,2012-10-26,20000000.0,-11699179.0,-0.58495895,116.0,"['Biography', 'Drama', 'Sport']",7.2,28994,[18],En,6.546,7.0,329.0,2012,0.58495895,6000600.0
Ratt.,3000000.0,2600000.0,Albert Nobbs,2011-12-21,7500000.0,1039003.0,0.13853373333333333,113.0,"['Drama', 'Romance']",6.7,22213,[18],En,6.277,6.3,227.0,2011,0.13853373333333333,5600000.0
Fox,5300000.0,0.0,Won'T Back Down,2012-09-28,19000000.0,-13254497.0,-0.6976051052631579,121.0,['Drama'],6.4,5915,[18],En,6.14,6.3,64.0,2012,0.6976051052631579,5300000.0
Fox,5300000.0,0.0,Won'T Back Down,2012-09-28,19000000.0,-13254497.0,-0.6976051052631579,121.0,['Drama'],6.4,5915,[99],En,0.938,6.2,3.0,2012,0.6976051052631579,5300000.0
Parv,4300000.0,148000.0,"Jeff, Who Lives At Home",2012-03-16,10000000.0,-5291873.0,-0.5291873,83.0,"['Comedy', 'Drama']",6.5,60070,"[18, 35]",En,8.821,6.2,320.0,2012,0.5291873,4448000.0
Fd,4000000.0,0.0,Safety Not Guaranteed,2012-06-08,750000.0,3672318.0,4.896424,86.0,"['Comedy', 'Drama', 'Romance']",7.0,111907,"[35, 10749, 878, 18]",En,9.214,6.9,792.0,2012,4.896424,4000000.0
Ld,2000000.0,1700000.0,Killer Joe,2012-07-27,10000000.0,-5340890.0,-0.534089,102.0,"['Crime', 'Drama', 'Thriller']",6.7,67842,"[80, 18, 53]",En,13.742,6.5,703.0,2012,0.534089,3700000.0
Gold.,3300000.0,0.0,Robot & Frank,2012-08-17,2500000.0,2434356.0,0.9737424,89.0,"['Comedy', 'Crime', 'Drama']",7.1,59229,"[878, 35, 18, 80]",En,7.485,6.9,620.0,2012,0.9737424,3300000.0
Yash,3000000.0,0.0,Jab Tak Hai Jaan,2012-11-13,9200000.0,-3393334.0,-0.36884065217391304,176.0,"['Drama', 'Romance']",6.8,48364,"[18, 10749]",Hi,7.701,6.9,107.0,2012,0.36884065217391304,3000000.0
Osci.,2700000.0,0.0,Samsara,2012-08-24,4000000.0,1966671.0,0.49166775,102.0,"['Documentary', 'Music']",8.5,29725,"[18, 99]",En,6.015,8.2,276.0,2012,0.49166775,2700000.0
Ifc,1600000.0,0.0,Your Sister'S Sister,2012-06-15,120000.0,2970593.0,24.754941666666667,90.0,"['Comedy', 'Drama']",6.7,24780,"[18, 35]",En,7.115,6.6,192.0,2012,24.754941666666667,1600000.0
Mne,693000.0,661000.0,The Paperboy,2012-10-05,12500000.0,-8472337.0,-0.67778696,107.0,"['Crime', 'Drama', 'Mystery']",5.8,33940,"[53, 18, 9648]",En,8.143,5.5,409.0,2012,0.67778696,1354000.0
Mne,15400.0,1300000.0,A Little Bit Of Heaven,2012-05-04,12500000.0,-11399713.0,-0.91197704,106.0,"['Comedy', 'Drama', 'Fantasy']",6.3,26441,"[35, 18, 10749]",En,7.87,6.3,333.0,2012,0.91197704,1315400.0
Wein.,757000.0,315000.0,Coriolanus,2012-01-20,10000000.0,-7820377.0,-0.7820377,123.0,"['Drama', 'Thriller', 'War']",6.1,29654,"[18, 53]",En,8.016,6.0,215.0,2012,0.7820377,1072000.0
Spc,1000000.0,0.0,Damsels In Distress,2012-04-06,3000000.0,-1675701.0,-0.558567,99.0,"['Comedy', 'Drama', 'Romance']",5.7,8794,"[35, 10749]",En,6.625,5.5,103.0,2012,0.558567,1000000.0
Spc,794000.0,0.0,Darling Companion,2012-04-20,12000000.0,-10799654.0,-0.8999711666666667,103.0,"['Comedy', 'Drama', 'Romance']",5.1,3085,"[18, 10749]",En,4.656,5.0,46.0,2012,0.8999711666666667,794000.0
Im,641000.0,0.0,Holy Motors,2012-10-17,4000000.0,230426.0,0.0576065,115.0,"['Drama', 'Fantasy']",7.1,36874,"[18, 14]",Fr,5.31,7.0,431.0,2012,0.0576065,641000.0
Foxs,408000.0,0.0,Sound Of My Voice,2012-04-27,135000.0,294448.0,2.181096296296296,85.0,"['Drama', 'Mystery', 'Sci-Fi']",6.6,19387,"[878, 18, 9648, 53]",En,7.212,6.4,169.0,2012,2.181096296296296,408000.0
Eros,379000.0,0.0,Khiladi 786,2012-12-07,5600000.0,9083763.0,1.6221005357142857,141.0,"['Action', 'Comedy']",4.4,5648,"[28, 35]",En,1.824,4.7,16.0,2012,1.6221005357142857,379000.0
Magn.,319000.0,0.0,Compliance,2012-08-17,270000.0,560700.0,2.0766666666666667,90.0,"['Biography', 'Crime', 'Drama']",6.4,28703,"[18, 53, 80, 9648]",En,6.93,6.4,340.0,2012,2.0766666666666667,319000.0
Ifc,29100.0,143000.0,Kill List,2012-02-03,800000.0,-337794.0,-0.4222425,95.0,"['Crime', 'Drama', 'Horror']",6.4,32807,"[27, 53, 80]",En,7.036,6.1,332.0,2012,0.4222425,172100.0
Anch.,139000.0,0.0,High School,2012-06-01,10000000.0,-9751867.0,-0.9751867,99.0,['Comedy'],5.8,7060,[35],En,5.762,5.8,68.0,2012,0.9751867,139000.0
Anch.,139000.0,0.0,High School,2012-06-01,10000000.0,-9751867.0,-0.9751867,99.0,['Comedy'],5.8,7060,[35],En,5.762,5.8,68.0,2012,0.9751867,139000.0
Magn.,78400.0,0.0,The Innkeepers,2012-02-03,750000.0,261535.0,0.3487133333333333,101.0,"['Drama', 'Horror', 'Mystery']",5.5,31089,"[27, 53]",En,8.494,5.5,324.0,2012,0.3487133333333333,78400.0
Gold.,22800.0,0.0,The First Time,2012-10-19,2000000.0,-1982939.0,-0.9914695,95.0,"['Comedy', 'Drama', 'Romance']",6.9,62589,"[18, 35, 10749]",En,11.25,7.0,1426.0,2012,0.9914695,22800.0
Bv,400700000.0,875700000.0,Frozen,2013-11-22,150000000.0,1122469910.0,7.483132733333333,102.0,"['Adventure', 'Animation', 'Comedy']",7.5,516998,[53],En,9.678,5.8,987.0,2013,7.483132733333333,1276400000.0
Bv,400700000.0,875700000.0,Frozen,2013-11-22,150000000.0,1122469910.0,7.483132733333333,102.0,"['Adventure', 'Animation', 'Comedy']",7.5,516998,"[16, 12, 10751]",En,26.183,7.3,9767.0,2013,7.483132733333333,1276400000.0
Bv,409000000.0,805800000.0,Iron Man 3,2013-05-03,200000000.0,1015392272.0,5.07696136,130.0,"['Action', 'Adventure', 'Sci-Fi']",7.2,692794,"[28, 12, 878]",En,32.093,6.9,14155.0,2013,5.07696136,1214800000.0
Uni.,368100000.0,602700000.0,Despicable Me 2,2013-07-03,76000000.0,899216835.0,11.831800460526315,98.0,"['Adventure', 'Animation', 'Comedy']",7.4,344230,"[16, 35, 10751]",En,19.014,6.9,7319.0,2013,11.831800460526315,970800000.0
Wb (Nl),258399999.0,700000000.0,The Hobbit: The Desolation Of Smaug,2013-12-13,250000000.0,710366855.0,2.84146742,161.0,"['Adventure', 'Fantasy']",7.8,565563,"[12, 14, 28]",En,21.275,7.6,7739.0,2013,2.84146742,958399999.0
Lgf,424700000.0,440300000.0,The Hunger Games: Catching Fire,2013-11-22,130000000.0,734868047.0,5.652831130769231,146.0,"['Action', 'Adventure', 'Sci-Fi']",7.5,575455,"[12, 28, 878]",En,20.187,7.4,11170.0,2013,5.652831130769231,865000000.0
Bv,268500000.0,475700000.0,Monsters University,2013-06-21,200000000.0,543588329.0,2.717941645,104.0,"['Adventure', 'Animation', 'Comedy']",7.3,291887,"[16, 10751]",En,20.33,7.0,6362.0,2013,2.717941645,744200000.0
Wb,274100000.0,449100000.0,Gravity,2013-10-04,110000000.0,583698673.0,5.306351572727273,91.0,"['Drama', 'Sci-Fi', 'Thriller']",7.7,710018,"[878, 53, 18]",En,27.836,7.2,9586.0,2013,5.306351572727273,723200000.0
Wb,291000000.0,377000000.0,Man Of Steel,2013-06-14,225000000.0,442999518.0,1.9688867466666666,143.0,"['Action', 'Adventure', 'Sci-Fi']",7.1,647288,"[28, 12, 14, 878]",En,27.667,6.5,9758.0,2013,1.9688867466666666,668000000.0
Bv,206400000.0,438200000.0,Thor: The Dark World,2013-11-08,150000000.0,494602516.0,3.297350106666667,112.0,"['Action', 'Adventure', 'Fantasy']",6.9,540996,"[28, 12, 14]",En,31.014,6.7,10171.0,2013,3.297350106666667,644600000.0
Fox,187200000.0,400000000.0,The Croods,2013-03-22,135000000.0,438068425.0,3.2449512962962963,98.0,"['Action', 'Adventure', 'Animation']",7.2,176699,"[28, 12, 16, 35, 10751, 14]",En,16.29,6.8,3873.0,2013,3.2449512962962963,587200000.0
Par.,202400000.0,337600000.0,World War Z,2013-06-21,190000000.0,341514650.0,1.7974455263157896,116.0,"['Action', 'Adventure', 'Horror']",7.0,553751,"[28, 18, 27, 878, 53]",En,14.582,6.7,9132.0,2013,1.7974455263157896,540000000.0
Bv,234900000.0,258399999.0,Oz The Great And Powerful,2013-03-08,200000000.0,290359051.0,1.451795255,130.0,"['Adventure', 'Family', 'Fantasy']",6.3,192045,"[14, 12, 10751]",En,13.377,5.8,4829.0,2013,1.451795255,493299999.0
Par.,228800000.0,238600000.0,Star Trek Into Darkness,2013-05-16,190000000.0,277381584.0,1.4599030736842105,132.0,"['Action', 'Adventure', 'Sci-Fi']",7.7,445535,"[28, 12, 878]",En,20.487,7.4,6182.0,2013,1.4599030736842105,467400000.0
Fox,132600000.0,282300000.0,The Wolverine,2013-07-26,115000000.0,301456852.0,2.6213639304347827,126.0,"['Action', 'Adventure', 'Sci-Fi']",6.7,401286,"[28, 878, 12, 14]",En,4.323,6.3,6176.0,2013,2.6213639304347827,414900000.0
Wb,101800000.0,309200000.0,Pacific Rim,2013-07-12,190000000.0,221002906.0,1.1631731894736843,131.0,"['Action', 'Adventure', 'Sci-Fi']",6.9,443667,"[28, 878, 12]",En,16.759,6.8,7632.0,2013,1.1631731894736843,411000000.0
Par.,116900000.0,275100000.0,The Wolf Of Wall Street,2013-12-25,100000000.0,289870414.0,2.89870414,180.0,"['Biography', 'Crime', 'Drama']",8.2,1035358,"[80, 18, 35]",En,29.518,7.9,12411.0,2013,2.89870414,392000000.0
Par.,122500000.0,253200000.0,G.I. Joe: Retaliation,2013-03-27,140000000.0,235740705.0,1.6838621785714285,110.0,"['Action', 'Adventure', 'Sci-Fi']",5.8,165536,"[12, 28, 878, 53]",En,15.065,5.5,3883.0,2013,1.6838621785714285,375700000.0
Lg/S,117700000.0,234000000.0,Now You See Me,2013-05-31,75000000.0,267769200.0,3.570256,115.0,"['Crime', 'Mystery', 'Thriller']",7.3,553156,"[53, 80]",En,16.646,7.4,9871.0,2013,3.570256,351700000.0
Sony,71000000.0,276500000.0,The Smurfs 2,2013-07-31,110000000.0,238547523.0,2.1686138454545456,105.0,"['Adventure', 'Animation', 'Comedy']",5.4,34229,"[14, 10751, 35, 16]",En,12.941,5.7,1200.0,2013,2.1686138454545456,347500000.0
Wb (Nl),137400000.0,182100000.0,The Conjuring,2013-07-19,20000000.0,298000141.0,14.90000705,112.0,"['Horror', 'Mystery', 'Thriller']",7.5,397233,"[27, 53]",En,18.886,7.5,5912.0,2013,14.90000705,319500000.0
Fox,67300000.0,237300000.0,A Good Day To Die Hard,2013-02-14,92000000.0,212249198.0,2.3070565,98.0,"['Action', 'Thriller']",5.3,188383,"[28, 53]",En,15.858,5.2,4437.0,2013,2.3070565,304600000.0
Uni.,89100000.0,197100000.0,Oblivion,2013-04-19,120000000.0,167916633.0,1.399305275,124.0,"['Action', 'Adventure', 'Sci-Fi']",7.0,453966,"[28, 878, 12, 9648]",En,18.534,6.5,6850.0,2013,1.399305275,286200000.0
Tris,93100000.0,193100000.0,Elysium,2013-08-09,120000000.0,166192091.0,1.3849340916666666,109.0,"['Action', 'Drama', 'Sci-Fi']",6.6,395572,"[878, 28, 18, 53]",En,17.663,6.4,5406.0,2013,1.3849340916666666,286200000.0
Fox,83000000.0,199500000.0,Turbo,2013-07-17,135000000.0,151896578.0,1.125159837037037,96.0,"['Adventure', 'Animation', 'Comedy']",6.4,74639,"[16, 10751]",En,14.876,6.1,1758.0,2013,1.125159837037037,282500000.0
Sony,119800000.0,154500000.0,Cloudy With A Chance Of Meatballs 2,2013-09-27,78000000.0,196392649.0,2.517854474358974,95.0,"['Adventure', 'Animation', 'Comedy']",6.4,81010,"[16, 10751, 35]",En,18.335,6.4,1679.0,2013,2.517854474358974,274300000.0
Wb (Nl),150400000.0,119600000.0,We'Re The Millers,2013-08-07,37000000.0,230816276.0,6.23827772972973,110.0,"['Comedy', 'Crime']",7.0,371759,"[35, 80]",En,14.746,6.8,5231.0,2013,6.23827772972973,270000000.0
Fox,107500000.0,160900000.0,Epic,2013-05-24,100000000.0,162794441.0,1.62794441,102.0,"['Adventure', 'Animation', 'Family']",6.7,95318,"[16, 12, 10751, 14]",En,13.995,6.4,1670.0,2013,1.62794441,268400000.0
Bv,89300000.0,171200000.0,The Lone Ranger,2013-07-02,275000000.0,-14997885.0,-0.05453776363636364,150.0,"['Action', 'Adventure', 'Western']",6.4,208827,"[28, 12, 37]",En,12.482,6.0,3789.0,2013,0.05453776363636364,260500000.0
Sony,150100000.0,101100000.0,American Hustle,2013-12-13,40000000.0,217878294.0,5.44695735,138.0,"['Crime', 'Drama']",7.2,418221,"[18, 80]",En,12.481,6.8,4443.0,2013,5.44695735,251200000.0
Sony,150100000.0,101100000.0,American Hustle,2013-12-13,40000000.0,217878294.0,5.44695735,138.0,"['Crime', 'Drama']",7.2,418221,"[18, 80]",En,12.481,6.8,4443.0,2013,5.44695735,251200000.0
Sony,133699999.0,113300000.0,Grown Ups 2,2013-07-12,80000000.0,167023808.0,2.0877976,101.0,['Comedy'],5.4,128500,[35],En,11.289,5.9,2090.0,2013,2.0877976,246999999.0
Sony,60500000.0,183300000.0,After Earth,2013-05-31,130000000.0,121499665.0,0.9346128076923077,100.0,"['Action', 'Adventure', 'Drama']",4.8,181687,"[878, 28, 12]",En,14.415,5.1,4154.0,2013,0.9346128076923077,243800000.0
Fox,159600000.0,70300000.0,The Heat,2013-06-28,43000000.0,186727774.0,4.342506372093023,117.0,"['Action', 'Comedy', 'Crime']",6.6,153501,"[28, 35, 80]",En,16.912,6.6,2441.0,2013,4.342506372093023,229900000.0
Sony,107100000.0,111700000.0,Captain Phillips,2013-10-11,55000000.0,165648184.0,3.0117851636363637,134.0,"['Biography', 'Drama', 'Thriller']",7.8,387402,"[28, 18, 53]",En,15.483,7.6,3909.0,2013,3.0117851636363637,218800000.0
Sony,73100000.0,132300000.0,White House Down,2013-06-28,150000000.0,55440387.0,0.36960258,131.0,"['Action', 'Drama', 'Thriller']",6.4,191791,"[28, 18, 53]",En,13.026,6.4,2817.0,2013,0.36960258,205400000.0
Fox,68600000.0,131300000.0,Percy Jackson: Sea Of Monsters,2013-08-07,90000000.0,110859554.0,1.2317728222222222,106.0,"['Adventure', 'Family', 'Fantasy']",5.8,102313,"[12, 10751, 14]",En,15.762,5.9,3109.0,2013,1.2317728222222222,199900000.0
Wb (Nl),65200000.0,132500000.0,Jack The Giant Slayer,2013-03-01,195000000.0,2687603.0,0.013782579487179487,114.0,"['Adventure', 'Fantasy']",6.3,123127,"[28, 12, 10751, 14]",En,12.773,5.6,3403.0,2013,0.013782579487179487,197700000.0
Fox,58200000.0,129900000.0,The Secret Life Of Walter Mitty,2013-12-25,91000000.0,96861183.0,1.0644086043956045,114.0,"['Adventure', 'Comedy', 'Drama']",7.3,275300,"[12, 35, 18, 14]",En,10.743,7.1,4859.0,2013,1.0644086043956045,188100000.0
Foxs,56700000.0,131100000.0,12 Years A Slave,2013-10-18,20000000.0,161025343.0,8.05126715,134.0,"['Biography', 'Drama', 'History']",8.1,577301,"[18, 36]",En,16.493,7.9,6631.0,2013,8.05126715,187800000.0
Wein.,116600000.0,60000000.0,Lee Daniels' The Butler,2013-08-16,30000000.0,147025498.0,4.900849933333333,132.0,"['Biography', 'Drama']",7.2,102468,,,,,,2013,4.900849933333333,176600000.0
Uni.,134500000.0,39500000.0,Identity Thief,2013-02-08,35000000.0,140361578.0,4.0103308,111.0,"['Adventure', 'Comedy', 'Crime']",5.7,115624,"[35, 80]",En,13.553,5.8,2230.0,2013,4.0103308,174000000.0
Par.,125200000.0,46300000.0,Anchorman 2: The Legend Continues,2013-12-18,50000000.0,122185754.0,2.44371508,119.0,['Comedy'],6.3,156116,[35],En,12.08,6.1,1408.0,2013,2.44371508,171500000.0
Fd,98900000.0,71300000.0,Olympus Has Fallen,2013-03-22,70000000.0,102878928.0,1.4696989714285715,119.0,"['Action', 'Thriller']",6.5,235443,"[28, 53]",En,13.864,6.2,4086.0,2013,1.4696989714285715,170200000.0
Uni.,125100000.0,29700000.0,Lone Survivor,2013-12-25,40000000.0,109804632.0,2.7451158,121.0,"['Action', 'Biography', 'Drama']",7.5,246641,"[28, 18, 10752]",En,15.404,7.4,2289.0,2013,2.7451158,154800000.0
Uni.,38400000.0,113400000.0,47 Ronin,2013-12-25,175000000.0,-23283185.0,-0.13304677142857144,128.0,"['Action', 'Adventure', 'Drama']",6.3,135754,"[18, 28, 12, 14]",En,25.049,6.0,2080.0,2013,0.13304677142857144,151800000.0
Lg/S,53300000.0,94800000.0,Red 2,2013-07-19,84000000.0,57507355.0,0.6846113690476191,116.0,"['Action', 'Comedy', 'Crime']",6.6,148846,"[28, 35, 80, 53]",En,14.994,6.5,2368.0,2013,0.6846113690476191,148100000.0
Uni.,71600000.0,74800000.0,Mama,2013-01-18,15000000.0,133095566.0,8.873037733333334,100.0,"['Horror', 'Thriller']",6.2,158487,[27],En,11.983,6.1,2421.0,2013,8.873037733333334,146400000.0
Lg/S,25100000.0,112200000.0,Escape Plan,2013-10-18,70000000.0,33735965.0,0.48194235714285716,115.0,"['Action', 'Crime', 'Mystery']",6.7,211587,"[28, 53]",En,17.88,6.7,2799.0,2013,0.48194235714285716,137300000.0
Cbs,63900000.0,70500000.0,Last Vegas,2013-01-28,28000000.0,84914167.0,3.0326488214285714,105.0,"['Comedy', 'Drama']",6.6,121409,[35],En,6.533,6.4,1211.0,2013,3.0326488214285714,134400000.0
Uni.,75600000.0,56300000.0,2 Guns,2013-08-02,61000000.0,71493015.0,1.1720166393442624,109.0,"['Action', 'Comedy', 'Crime']",6.7,182025,"[28, 35, 80]",En,14.8,6.5,2368.0,2013,1.1720166393442624,131900000.0
Sony,101500000.0,24600000.0,This Is The End,2013-06-12,32000000.0,94539117.0,2.95434740625,107.0,"['Comedy', 'Fantasy']",6.6,360556,"[28, 35]",En,10.635,6.2,3789.0,2013,2.95434740625,126100000.0
Lg/S,61700000.0,63800000.0,Ender'S Game,2013-11-01,110000000.0,17983283.0,0.16348439090909092,114.0,"['Action', 'Adventure', 'Fantasy']",6.6,211722,"[878, 28, 12]",En,15.533,6.6,3558.0,2013,0.16348439090909092,125500000.0
Wb,61000000.0,61100000.0,Prisoners,2013-09-20,46000000.0,67402302.0,1.4652674347826087,153.0,"['Crime', 'Drama', 'Mystery']",8.1,526273,"[18, 53, 80]",En,14.358,8.0,5785.0,2013,1.4652674347826087,122100000.0
Bv,83300000.0,34600000.0,Saving Mr. Banks,2013-12-13,35000000.0,79962525.0,2.2846435714285716,125.0,"['Biography', 'Comedy', 'Drama']",7.5,140678,"[35, 18, 36]",En,9.585,7.4,2050.0,2013,2.2846435714285716,117900000.0
Lg/S,66400000.0,50600000.0,Warm Bodies,2013-02-01,30000000.0,85121608.0,2.8373869333333332,98.0,"['Comedy', 'Horror', 'Romance']",6.9,208709,"[27, 35, 10749]",En,13.259,6.3,4109.0,2013,2.8373869333333332,117000000.0
Rela.,55800000.0,54600000.0,Free Birds,2013-11-01,55000000.0,55387072.0,1.0070376727272727,91.0,"['Adventure', 'Animation', 'Comedy']",5.9,20934,"[16, 35, 10751]",En,11.062,5.8,410.0,2013,1.0070376727272727,110400000.0
Wb,46000000.0,59200000.0,Gangster Squad,2013-01-11,60000000.0,44100903.0,0.73501505,113.0,"['Action', 'Crime', 'Drama']",6.7,195560,"[80, 18, 28, 53]",En,13.029,6.3,2527.0,2013,0.73501505,105200000.0
Wein.,37700000.0,62400000.0,Philomena,2013-11-22,12000000.0,86963392.0,7.246949333333333,98.0,"['Biography', 'Comedy', 'Drama']",7.6,88704,[18],En,8.978,7.4,945.0,2013,7.246949333333333,100100000.0
Uni.,42000000.0,56300000.0,Riddick,2013-09-06,38000000.0,56763758.0,1.4937831052631578,119.0,"['Action', 'Adventure', 'Sci-Fi']",6.4,144821,"[878, 28, 53]",En,17.434,6.2,2852.0,2013,1.4937831052631578,98300000.0
Rela.,71300000.0,26200000.0,Safe Haven,2013-02-14,28000000.0,66050951.0,2.358962535714286,115.0,"['Drama', 'Romance', 'Thriller']",6.7,97055,[10749],En,9.095,7.1,1433.0,2013,2.358962535714286,97500000.0
Spc,33400000.0,64099999.0,Blue Jasmine,2013-07-26,18000000.0,84912961.0,4.717386722222222,98.0,['Drama'],7.3,179453,"[35, 18]",En,10.443,7.0,1983.0,2013,4.717386722222222,97499999.0
Sgem,31200000.0,64200000.0,The Mortal Instruments: City Of Bones,2013-08-21,60000000.0,15965567.0,0.26609278333333336,130.0,"['Action', 'Fantasy', 'Horror']",5.9,121936,"[28, 12, 18, 9648, 10749, 14]",En,16.484,6.3,2915.0,2013,0.26609278333333336,95400000.0
Fox,44700000.0,48800000.0,The Internship,2013-06-07,58000000.0,35672764.0,0.6150476551724138,119.0,['Comedy'],6.3,179817,[35],En,0.6,6.2,2631.0,2013,0.6150476551724138,93500000.0
Uni.,64500000.0,24900000.0,The Purge,2013-06-07,3000000.0,88266581.0,29.422193666666665,85.0,"['Horror', 'Thriller']",5.7,183549,"[878, 27, 53]",En,24.364,6.2,4797.0,2013,29.422193666666665,89400000.0
Yash,8000000.0,80000000.0,Dhoom 3,2013-12-20,24000000.0,-12276380.0,-0.5115158333333333,172.0,"['Action', 'Thriller']",5.4,40466,"[28, 53]",Hi,6.798,5.9,136.0,2013,0.5115158333333333,88000000.0
Uni.,15300000.0,71800000.0,About Time,2013-11-01,12000000.0,77309178.0,6.4424315,123.0,"['Comedy', 'Drama', 'Fantasy']",7.8,263136,"[35, 18, 878]",En,14.133,7.9,3981.0,2013,6.4424315,87100000.0
Uni.,33600000.0,44700000.0,R.I.P.D.,2013-07-19,130000000.0,-50923322.0,-0.39171786153846155,96.0,"['Action', 'Adventure', 'Comedy']",5.6,109078,"[14, 28, 35, 80]",En,21.377,5.6,2047.0,2013,0.39171786153846155,78300000.0
Fox,21500000.0,55100000.0,The Book Thief,2013-11-08,19000000.0,57086711.0,3.004563736842105,131.0,"['Drama', 'War']",7.6,119023,[18],En,9.034,7.5,2788.0,2013,3.004563736842105,76600000.0
Wein.,57000000.0,17600000.0,Escape From Planet Earth,2013-02-15,40000000.0,34156610.0,0.85391525,89.0,"['Adventure', 'Animation', 'Comedy']",5.9,23298,"[16, 35, 12, 10751, 878]",En,9.227,5.8,459.0,2013,0.85391525,74600000.0
Wein.,37700000.0,36500000.0,August: Osage County,2013-12-25,25000000.0,25738810.0,1.0295524,121.0,"['Comedy', 'Drama']",7.2,79383,"[35, 18]",En,9.586,6.9,843.0,2013,1.0295524,74200000.0
Wein.,37700000.0,36500000.0,August: Osage County,2013-12-25,25000000.0,25738810.0,1.0295524,121.0,"['Comedy', 'Drama']",7.2,79383,"[35, 18]",En,9.586,6.9,843.0,2013,1.0295524,74200000.0
Uni.,70500000.0,2300000.0,The Best Man Holiday,2013-11-15,17000000.0,55835710.0,3.2844535294117647,123.0,"['Comedy', 'Drama']",6.7,13967,[35],En,8.581,6.6,145.0,2013,3.2844535294117647,72800000.0
Fox,17000000.0,54000000.0,The Counselor,2013-10-25,25000000.0,46009334.0,1.84037336,117.0,"['Crime', 'Drama', 'Thriller']",5.3,92096,"[53, 80, 18]",En,10.55,5.1,1072.0,2013,1.84037336,71000000.0
Tris,51900000.0,16700000.0,The Call,2013-03-15,12800000.0,57021476.0,4.4548028125,94.0,"['Crime', 'Drama', 'Horror']",6.7,103780,"[80, 53]",En,11.315,6.7,1779.0,2013,4.4548028125,68600000.0
Tris,28900000.0,39700000.0,One Direction: This Is Us,2013-08-30,10000000.0,58541786.0,5.8541786,92.0,"['Documentary', 'Music']",4.2,22977,"[99, 10402]",En,9.005,8.1,370.0,2013,5.8541786,68600000.0
Fox,19300000.0,43400000.0,Runner Runner,2013-10-04,30000000.0,30512680.0,1.0170893333333333,88.0,"['Crime', 'Thriller']",5.6,58235,"[80, 53, 18]",En,10.442,5.6,761.0,2013,1.0170893333333333,62700000.0
Uni.,28800000.0,32000000.0,Kick-Ass 2,2013-08-16,28000000.0,35129909.0,1.2546396071428572,103.0,"['Action', 'Comedy', 'Crime']",6.6,238832,"[28, 12, 80]",En,14.793,6.4,3785.0,2013,1.2546396071428572,60800000.0
Orf,40000000.0,20100000.0,A Haunted House,2013-01-11,2500000.0,57422558.0,22.9690232,86.0,"['Comedy', 'Fantasy']",5.1,40308,"[35, 27]",En,6.909,5.5,871.0,2013,22.9690232,60100000.0
Wein.,18400000.0,41100000.0,Quartet,2013-01-11,11000000.0,45178935.0,4.107175909090909,94.0,"['Comedy', 'Drama']",6.8,17979,"[18, 35, 10749]",En,8.32,6.6,209.0,2013,4.107175909090909,59500000.0
Focus,27300000.0,27900000.0,Dallas Buyers Club,2013-11-01,5000000.0,55611845.0,11.122369,117.0,"['Biography', 'Drama']",8.0,402462,"[18, 36]",En,12.389,7.9,4961.0,2013,11.122369,55200000.0
Focus,27300000.0,27900000.0,Dallas Buyers Club,2013-11-01,5000000.0,55611845.0,11.122369,117.0,"['Biography', 'Drama']",8.0,402462,"[18, 36]",En,12.389,7.9,4961.0,2013,11.122369,55200000.0
Bv,30700000.0,19300000.0,Delivery Man,2013-11-22,22000000.0,48536870.0,2.2062213636363635,105.0,"['Comedy', 'Drama']",6.4,70706,[35],En,7.962,6.2,858.0,2013,2.2062213636363635,50000000.0
Lgf,12100000.0,36300000.0,The Last Stand,2013-01-18,30000000.0,18330757.0,0.6110252333333334,107.0,"['Action', 'Thriller']",6.4,126623,"[28, 80, 53]",En,15.894,5.9,1692.0,2013,0.6110252333333334,48400000.0
Lgf,34300000.0,12900000.0,Texas Chainsaw 3D,2013-01-04,20000000.0,27666013.0,1.38330065,92.0,"['Horror', 'Thriller']",4.8,41784,"[27, 53]",En,18.256,5.3,780.0,2013,1.38330065,47200000.0
Lgf,21800000.0,24700000.0,The Big Wedding,2013-04-26,32500000.0,15925971.0,0.4900298769230769,89.0,"['Comedy', 'Drama', 'Romance']",5.6,44221,[35],En,11.231,5.8,678.0,2013,0.4900298769230769,46500000.0
Fd,17600000.0,28600000.0,Parker,2013-01-25,35000000.0,13543388.0,0.38695394285714285,118.0,"['Action', 'Crime', 'Thriller']",6.2,105529,"[28, 80]",En,14.95,5.8,1868.0,2013,0.38695394285714285,46200000.0
Focus,26000000.0,20100000.0,The World'S End,2013-08-23,20000000.0,27508505.0,1.37542525,109.0,"['Action', 'Comedy', 'Sci-Fi']",7.0,235308,"[35, 28, 878]",En,12.719,6.7,2990.0,2013,1.37542525,46100000.0
Wb,29800000.0,15100000.0,Grudge Match,2013-12-25,40000000.0,29807260.0,0.7451815,113.0,"['Comedy', 'Drama', 'Sport']",6.4,54080,[35],En,7.918,6.0,711.0,2013,0.7451815,44900000.0
Orf,20200000.0,22900000.0,Homefront,2013-11-27,22000000.0,29695362.0,1.3497891818181817,100.0,"['Action', 'Thriller']",6.5,98549,"[28, 53]",En,14.422,6.5,1410.0,2013,1.3497891818181817,43100000.0
Lg/S,42900000.0,0.0,Snitch,2013-02-22,15000000.0,42907734.0,2.8605156,112.0,"['Action', 'Drama', 'Thriller']",6.5,78142,[],En,0.6,1.0,1.0,2013,2.8605156,42900000.0
Lg/S,42900000.0,0.0,Snitch,2013-02-22,15000000.0,42907734.0,2.8605156,112.0,"['Action', 'Drama', 'Thriller']",6.5,78142,"[53, 18]",En,16.673,5.9,1493.0,2013,2.8605156,42900000.0
Lg/S,42900000.0,0.0,Snitch,2012-12-31,850000.0,-850000.0,-1.0,112.0,"['Action', 'Drama', 'Thriller']",6.5,78142,[],En,0.6,1.0,1.0,2012,1.0,42900000.0
Lg/S,42900000.0,0.0,Snitch,2012-12-31,850000.0,-850000.0,-1.0,112.0,"['Action', 'Drama', 'Thriller']",6.5,78142,"[53, 18]",En,16.673,5.9,1493.0,2012,1.0,42900000.0
Orf,16100000.0,19800000.0,Jobs,2013-08-16,18000000.0,25402515.0,1.4112508333333333,128.0,"['Biography', 'Drama']",5.9,88788,"[18, 36]",En,8.023,6.1,1622.0,2013,1.4112508333333333,35900000.0
Focus,21400000.0,14100000.0,The Place Beyond The Pines,2013-03-29,15000000.0,32011449.0,2.1340966,140.0,"['Crime', 'Drama', 'Thriller']",7.3,226765,"[18, 80]",En,12.96,6.9,2781.0,2013,2.1340966,35500000.0
Cbs,13200000.0,19700000.0,Inside Llewyn Davis,2013-12-06,11000000.0,21943247.0,1.9948406363636364,104.0,"['Drama', 'Music']",7.5,123759,[18],En,10.549,7.2,1400.0,2013,1.9948406363636364,32900000.0
Ratt.,21600000.0,11000000.0,Mud,2013-04-26,10000000.0,21556959.0,2.1556959,130.0,['Drama'],7.4,156786,[18],En,12.507,7.0,1592.0,2013,2.1556959,32600000.0
Rela.,8800000.0,23600000.0,Movie 43,2013-01-25,10000000.0,21164747.0,2.1164747,94.0,['Comedy'],4.3,92980,[35],En,12.813,4.4,1332.0,2013,2.1164747,32400000.0
Lg/S,32200000.0,74000.0,Kevin Hart: Let Me Explain,2013-07-03,2500000.0,29827255.0,11.930902,75.0,"['Comedy', 'Documentary']",6.8,7880,"[35, 99]",En,8.476,6.9,142.0,2013,11.930902,32274000.0
A24,14100000.0,17600000.0,Spring Breakers,2013-03-15,5000000.0,26149251.0,5.2298502,94.0,"['Comedy', 'Crime', 'Drama']",5.3,126504,"[18, 80]",En,10.691,5.0,2495.0,2013,5.2298502,31700000.0
Rela.,24500000.0,6000000.0,Don Jon,2013-09-27,5500000.0,35768579.0,6.503378,90.0,"['Comedy', 'Drama', 'Romance']",6.6,216350,"[10749, 35, 18]",En,12.78,5.9,2709.0,2013,6.503378,30500000.0
Par.,17700000.0,10000000.0,Nebraska,2013-11-15,12000000.0,12761360.0,1.0634466666666667,115.0,"['Adventure', 'Comedy', 'Drama']",7.7,105304,"[18, 12]",En,9.521,7.4,967.0,2013,1.0634466666666667,27700000.0
Wb (Nl),22500000.0,4900000.0,The Incredible Burt Wonderstone,2013-03-15,32000000.0,-4607391.0,-0.14398096875,100.0,"['Adventure', 'Comedy', 'Fantasy']",5.9,67549,[35],En,9.362,5.4,920.0,2013,0.14398096875,27400000.0
Wein.,8300000.0,19000000.0,Mandela: Long Walk To Freedom,2013-11-29,35000000.0,-5109598.0,-0.1459885142857143,141.0,"['Biography', 'Drama', 'History']",7.1,25027,"[18, 36]",En,8.262,6.9,319.0,2013,0.1459885142857143,27300000.0
Mne,1000.0,27200000.0,Khumba,2013-12-06,15000000.0,5898221.0,0.39321473333333334,85.0,"['Adventure', 'Animation', 'Family']",5.7,4984,"[16, 12, 10751]",En,9.597,5.6,129.0,2013,0.39321473333333334,27201000.0
W/Dim.,17400000.0,9000000.0,Dark Skies,2013-02-22,3500000.0,24204111.0,6.9154602857142855,97.0,"['Horror', 'Sci-Fi', 'Thriller']",6.3,65754,"[878, 53, 27]",En,11.582,6.1,1004.0,2013,6.9154602857142855,26400000.0
Foxs,17600000.0,7700000.0,Enough Said,2013-09-18,8000000.0,17621449.0,2.202681125,93.0,"['Comedy', 'Drama', 'Romance']",7.0,55698,"[35, 18, 10749]",En,8.722,6.7,464.0,2013,2.202681125,25300000.0
Foxs,2300000.0,21900000.0,Trance,2013-04-05,16000000.0,6594052.0,0.41212825,101.0,"['Crime', 'Drama', 'Mystery']",6.9,104951,"[53, 80, 18, 9648]",En,9.571,6.6,1348.0,2013,0.41212825,24200000.0
Foxs,2300000.0,21900000.0,Trance,2012-12-31,950000.0,-950000.0,-1.0,101.0,"['Crime', 'Drama', 'Mystery']",6.9,104951,"[53, 80, 18, 9648]",En,9.571,6.6,1348.0,2012,1.0,24200000.0
Foxs,21600000.0,887000.0,Baggage Claim,2013-09-27,8500000.0,14385836.0,1.692451294117647,96.0,['Comedy'],5.1,8296,[35],En,8.666,5.4,127.0,2013,1.692451294117647,22487000.0
Wein.,2500000.0,18000000.0,The Sapphires,2013-03-22,9000000.0,11395040.0,1.2661155555555557,103.0,"['Biography', 'Comedy', 'Drama']",7.0,12143,"[35, 18]",En,6.16,6.7,97.0,2013,1.2661155555555557,20500000.0
Fox,19700000.0,0.0,Broken City,2013-01-18,35000000.0,-519955.0,-0.014855857142857143,109.0,"['Crime', 'Drama', 'Thriller']",6.2,71704,"[53, 80, 18]",En,13.646,5.9,814.0,2013,0.014855857142857143,19700000.0
Lgf,18500000.0,0.0,You'Re Next,2013-08-23,1000000.0,25887177.0,25.887177,95.0,"['Action', 'Comedy', 'Horror']",6.6,79451,"[27, 53, 9648]",En,11.45,6.6,1258.0,2013,25.887177,18500000.0
Fd,10900000.0,7200000.0,Dead Man Down,2013-03-08,30000000.0,-10400026.0,-0.34666753333333333,118.0,"['Action', 'Crime', 'Drama']",6.5,61238,"[53, 28, 80, 18]",En,10.349,6.0,866.0,2013,0.34666753333333333,18100000.0
Focus,18000000.0,0.0,Admission,2013-03-22,13000000.0,5733666.0,0.44105123076923075,107.0,"['Comedy', 'Drama', 'Romance']",5.7,31849,"[35, 18, 10749]",En,8.065,5.5,385.0,2013,0.44105123076923075,18000000.0
Wein.,16100000.0,1300000.0,Fruitvale Station,2013-07-12,900000.0,16649645.0,18.499605555555554,85.0,"['Biography', 'Drama', 'Romance']",7.5,68187,[18],En,9.587,7.4,645.0,2013,18.499605555555554,17400000.0
Sgem,8900000.0,7700000.0,Battle Of The Year,2013-09-20,20000000.0,-3276623.0,-0.16383115,110.0,"['Drama', 'Music']",5.1,8769,"[10402, 18]",En,5.858,6.1,130.0,2013,0.16383115,16600000.0
Rela.,11300000.0,4300000.0,Out Of The Furnace,2013-12-04,22000000.0,-6565625.0,-0.2984375,116.0,"['Crime', 'Drama', 'Thriller']",6.8,99037,"[53, 18, 80]",En,9.139,6.6,1077.0,2013,0.2984375,15600000.0
Cbs,15200000.0,0.0,The Last Exorcism Part Ii,2013-03-01,4000000.0,21448707.0,5.36217675,88.0,"['Drama', 'Horror', 'Thriller']",4.0,15124,"[27, 53, 18]",En,7.561,4.5,297.0,2013,5.36217675,15200000.0
Orf,8000000.0,7000000.0,Machete Kills,2013-10-11,20000000.0,-1726991.0,-0.08634955,107.0,"['Action', 'Crime', 'Sci-Fi']",5.6,69968,"[28, 80, 53]",En,10.36,5.5,1079.0,2013,0.08634955,15000000.0
Rela.,7400000.0,6400000.0,Paranoia,2013-08-16,40000000.0,-23659233.0,-0.591480825,106.0,"['Drama', 'Thriller']",5.7,33149,[],En,0.6,4.5,2.0,2013,0.591480825,13800000.0
Rela.,7400000.0,6400000.0,Paranoia,2013-08-16,40000000.0,-23659233.0,-0.591480825,106.0,"['Drama', 'Thriller']",5.7,33149,"[18, 53]",En,7.674,5.7,518.0,2013,0.591480825,13800000.0
Rela.,7400000.0,6400000.0,Paranoia,2013-08-16,40000000.0,-23659233.0,-0.591480825,106.0,"['Drama', 'Thriller']",5.7,33149,"[53, 27]",En,0.6,10.0,1.0,2013,0.591480825,13800000.0
Rela.,7400000.0,6400000.0,Paranoia,2013-08-16,40000000.0,-23659233.0,-0.591480825,106.0,"['Drama', 'Thriller']",5.7,33149,[],En,0.6,4.5,2.0,2013,0.591480825,13800000.0
Ratt.,6300000.0,7400000.0,All Is Lost,2013-10-18,8500000.0,1886814.0,0.22197811764705883,106.0,"['Action', 'Adventure', 'Drama']",6.9,70888,"[28, 12, 18]",En,9.869,6.6,949.0,2013,0.22197811764705883,13700000.0
Foxs,1700000.0,10400000.0,Stoker,2013-03-01,12000000.0,34913.0,0.0029094166666666665,99.0,"['Drama', 'Thriller']",6.8,97393,"[18, 27, 53]",En,10.738,6.6,1282.0,2013,0.0029094166666666665,12100000.0
Spc,8100000.0,3100000.0,Before Midnight,2013-05-24,3000000.0,20251930.0,6.7506433333333336,109.0,"['Drama', 'Romance']",7.9,123107,"[10749, 18]",En,11.765,7.4,1039.0,2013,6.7506433333333336,11200000.0
Rtwc,779000.0,9900000.0,Only God Forgives,2013-07-19,4800000.0,-305440.0,-0.06363333333333333,90.0,"['Crime', 'Drama']",5.7,100318,"[18, 53, 80]",En,10.196,5.8,1396.0,2013,0.06363333333333333,10679000.0
Wb,9500000.0,0.0,Bullet To The Head,2013-02-01,55000000.0,-32402031.0,-0.5891278363636364,92.0,"['Action', 'Crime', 'Thriller']",5.7,44816,"[28, 80, 53]",En,17.574,5.4,681.0,2013,0.5891278363636364,9500000.0
Bv,3300000.0,5300000.0,The Fifth Estate,2013-10-18,26000000.0,-19845828.0,-0.7633010769230769,128.0,"['Biography', 'Drama', 'Thriller']",6.2,36392,"[18, 53]",En,6.611,5.9,549.0,2013,0.7633010769230769,8600000.0
Mne,105000.0,8000000.0,Upside Down,2013-03-15,50000000.0,-23612961.0,-0.47225922,109.0,"['Drama', 'Fantasy', 'Romance']",6.4,66347,"[10749, 878, 18, 14]",En,12.454,6.2,1645.0,2013,0.47225922,8105000.0
Ph,3400000.0,4600000.0,Metallica Through The Never,2013-09-27,18000000.0,-8917094.0,-0.4953941111111111,93.0,['Music'],7.2,15592,,,,,,2013,0.4953941111111111,8000000.0
Foxs,7000000.0,436000.0,Black Nativity,2013-11-27,17500000.0,-10214865.0,-0.5837065714285714,93.0,"['Drama', 'Family', 'Music']",4.6,1901,"[18, 10402]",En,1.779,5.7,25.0,2013,0.5837065714285714,7436000.0
A24,6900000.0,0.0,The Spectacular Now,2013-08-02,2500000.0,4416951.0,1.7667804,95.0,"['Comedy', 'Drama', 'Romance']",7.1,133887,"[35, 18, 10749]",En,13.679,6.6,1801.0,2013,1.7667804,6900000.0
Eone,26700.0,6300000.0,The Sweeney,2013-03-01,4500000.0,3500366.0,0.7778591111111111,112.0,"['Action', 'Crime', 'Drama']",6.1,18095,"[28, 80]",En,6.4,5.9,142.0,2013,0.7778591111111111,6326700.0
Rtwc,4900000.0,0.0,20 Feet From Stardom,2013-06-14,1000000.0,4892466.0,4.892466,91.0,"['Documentary', 'Music']",7.4,11312,"[99, 10402]",En,7.866,7.4,127.0,2013,4.892466,4900000.0
Ifc,4099999.0,0.0,Frances Ha,2013-05-17,3000000.0,8262769.0,2.754256333333333,86.0,"['Comedy', 'Drama', 'Romance']",7.4,60026,"[35, 18]",En,9.42,7.4,624.0,2013,2.754256333333333,4099999.0
Ifc,4099999.0,0.0,Frances Ha,2013-05-17,3000000.0,8262769.0,2.754256333333333,86.0,"['Comedy', 'Drama', 'Romance']",7.4,60026,"[35, 18]",En,9.42,7.4,624.0,2013,2.754256333333333,4099999.0
Eros,3800000.0,0.0,Yeh Jawaani Hai Deewani,2013-05-31,8300000.0,42527466.0,5.123791084337349,160.0,"['Comedy', 'Drama', 'Musical']",7.1,33971,,,,,,2013,5.123791084337349,3800000.0
Foxs,2300000.0,99700.0,The East,2013-05-31,6500000.0,-3472044.0,-0.5341606153846153,116.0,"['Adventure', 'Drama', 'Thriller']",6.8,46804,"[18, 53]",En,8.044,6.6,438.0,2013,0.5341606153846153,2399700.0
Els,2300000.0,0.0,The Christmas Candle,2013-11-15,7000000.0,-5066171.0,-0.7237387142857142,100.0,"['Drama', 'Family']",6.2,1538,"[18, 10751]",En,1.4,6.0,15.0,2013,0.7237387142857142,2300000.0
Ifc,397000.0,635000.0,Ain'T Them Bodies Saints,2013-08-16,5000000.0,-3924991.0,-0.7849982,96.0,"['Crime', 'Drama', 'Romance']",6.4,19464,"[80, 18, 10749, 37]",En,8.166,6.2,217.0,2013,0.7849982,1032000.0
Ifc,553000.0,0.0,The Reluctant Fundamentalist,2013-04-26,15000000.0,-14471269.0,-0.9647512666666667,130.0,"['Drama', 'Thriller']",6.9,12511,[53],En,7.46,6.7,120.0,2013,0.9647512666666667,553000.0
Utv,222000.0,0.0,Abcd (Any Body Can Dance),2013-02-08,1900000.0,8237234.0,4.335386315789473,160.0,"['Drama', 'Music']",6.4,5695,,,,,,2013,4.335386315789473,222000.0
Ifc,56800.0,0.0,The Canyons,2013-08-02,250000.0,-187625.0,-0.7505,99.0,"['Drama', 'Thriller']",3.8,9838,"[53, 18]",En,6.937,4.3,134.0,2013,0.7505,56800.0
Par.,245400000.0,858600000.0,Transformers: Age Of Extinction,2014-06-27,210000000.0,894039076.0,4.2573289333333335,165.0,"['Action', 'Adventure', 'Sci-Fi']",5.7,283486,"[878, 28, 12]",En,20.961,5.8,4805.0,2014,4.2573289333333335,1104000000.0
Wb (Nl),255100000.0,700900000.0,The Hobbit: The Battle Of The Five Armies,2014-12-17,250000000.0,695577621.0,2.782310484,144.0,"['Adventure', 'Fantasy']",7.4,438621,"[28, 12, 14]",En,53.783,7.3,8392.0,2014,2.782310484,956000000.0
Bv,333200000.0,440200000.0,Guardians Of The Galaxy,2014-08-01,170000000.0,600867516.0,3.5345148,121.0,"['Action', 'Adventure', 'Comedy']",8.1,948394,"[28, 878, 12]",En,49.606,7.9,17958.0,2014,3.5345148,773400000.0
Bv,241400000.0,517100000.0,Maleficent,2014-05-30,180000000.0,578536735.0,3.2140929722222222,97.0,"['Action', 'Adventure', 'Family']",7.0,305832,"[14, 12, 28, 10751, 10749]",En,19.274,7.0,8143.0,2014,3.2140929722222222,758500000.0
Lgf,337100000.0,418200000.0,The Hunger Games: Mockingjay - Part 1,2014-11-21,125000000.0,641575131.0,5.132601048,123.0,"['Action', 'Adventure', 'Sci-Fi']",6.6,379050,"[878, 12, 53]",En,33.837,6.8,10087.0,2014,5.132601048,755300000.0
Fox,233900000.0,513900000.0,X-Men: Days Of Future Past,2014-05-23,200000000.0,547862775.0,2.739313875,132.0,"['Action', 'Adventure', 'Sci-Fi']",8.0,620079,"[28, 12, 14, 878]",En,41.867,7.5,10062.0,2014,2.739313875,747800000.0
Bv,259800000.0,454500000.0,Captain America: The Winter Soldier,2014-04-04,170000000.0,544401889.0,3.2023640529411765,136.0,"['Action', 'Adventure', 'Sci-Fi']",7.8,666252,"[28, 12, 878]",En,18.073,7.7,11034.0,2014,3.2023640529411765,714300000.0
Fox,208500000.0,502100000.0,Dawn Of The Planet Of The Apes,2014-07-11,170000000.0,540644566.0,3.1802621529411765,130.0,"['Action', 'Adventure', 'Drama']",7.6,390199,"[878, 28, 18, 53]",En,27.641,7.3,7080.0,2014,3.1802621529411765,710600000.0
Sony,202900000.0,506100000.0,The Amazing Spider-Man 2,2014-05-02,200000000.0,508996336.0,2.54498168,142.0,"['Action', 'Adventure', 'Sci-Fi']",6.6,388363,"[28, 12, 14]",En,20.847,6.4,7220.0,2014,2.54498168,709000000.0
Par.,188000000.0,489400000.0,Interstellar,2014-11-05,165000000.0,501379375.0,3.038662878787879,169.0,"['Adventure', 'Drama', 'Sci-Fi']",8.6,1299334,"[12, 18, 878]",En,28.44,8.2,18597.0,2014,3.038662878787879,677400000.0
Bv,222500000.0,435300000.0,Big Hero 6,2014-11-07,165000000.0,487127828.0,2.952289866666667,102.0,"['Action', 'Adventure', 'Animation']",7.8,371204,"[12, 10751, 16, 28, 35]",En,36.92,7.8,10176.0,2014,2.952289866666667,657800000.0
Bv,222500000.0,435300000.0,Big Hero 6,2014-11-07,165000000.0,487127828.0,2.952289866666667,102.0,"['Action', 'Adventure', 'Animation']",7.8,371204,"[12, 10751, 16, 28, 35]",En,36.92,7.8,10176.0,2014,2.952289866666667,657800000.0
Fox,177000000.0,444500000.0,How To Train Your Dragon 2,2014-06-13,145000000.0,469586270.0,3.238526,102.0,"['Action', 'Adventure', 'Animation']",7.8,278205,"[14, 28, 12, 16, 35, 10751]",En,27.106,7.7,5589.0,2014,3.238526,621500000.0
Wb,350100000.0,197300000.0,American Sniper,2014-12-25,58000000.0,489326372.0,8.436661586206897,133.0,"['Action', 'Biography', 'Drama']",7.3,401915,"[10752, 28]",En,18.473,7.4,7658.0,2014,8.436661586206897,547400000.0
Wb,350100000.0,197300000.0,American Sniper,2014-12-25,58000000.0,489326372.0,8.436661586206897,133.0,"['Action', 'Biography', 'Drama']",7.3,401915,"[10752, 28]",En,18.473,7.4,7658.0,2014,8.436661586206897,547400000.0
Fox,131500000.0,368600000.0,Rio 2,2014-04-11,130000000.0,362846291.0,2.7911253153846154,101.0,"['Adventure', 'Animation', 'Comedy']",6.3,72209,"[12, 35, 10751, 16]",En,18.11,6.3,1803.0,2014,2.7911253153846154,500100000.0
Wb,257800000.0,211400000.0,The Lego Movie,2014-02-07,60000000.0,397729388.0,6.628823133333333,100.0,"['Action', 'Adventure', 'Animation']",7.8,304179,"[12, 16, 35, 10751, 14]",En,19.375,7.4,4839.0,2014,6.628823133333333,469200000.0
Uni.,126700000.0,336700000.0,Lucy,2014-07-25,40000000.0,417507776.0,10.4376944,89.0,"['Action', 'Sci-Fi', 'Thriller']",6.4,403194,"[28, 878]",En,16.73,6.3,10019.0,2014,10.4376944,463400000.0
Fox,83400000.0,289700000.0,Penguins Of Madagascar,2014-11-26,132000000.0,234942531.0,1.779867659090909,92.0,"['Adventure', 'Animation', 'Comedy']",6.7,72551,"[10751, 16, 12, 35]",En,20.899,6.4,2273.0,2014,1.779867659090909,373100000.0
Wb,100200000.0,270300000.0,Edge Of Tomorrow,2014-06-06,178000000.0,192541256.0,1.0816924494382023,113.0,"['Action', 'Sci-Fi']",7.9,546284,"[28, 878]",En,19.753,7.6,8047.0,2014,1.0816924494382023,370500000.0
Fox,167800000.0,201600000.0,Gone Girl,2014-10-03,61000000.0,307567189.0,5.042085065573771,149.0,"['Drama', 'Mystery', 'Thriller']",8.1,761592,"[9648, 53, 18]",En,31.215,7.9,10459.0,2014,5.042085065573771,369400000.0
Fox,113700000.0,249500000.0,Night At The Museum: Secret Of The Tomb,2014-12-19,127000000.0,226756621.0,1.7854852047244094,98.0,"['Adventure', 'Comedy', 'Family']",6.2,93103,"[12, 35, 14, 10751]",En,20.064,6.1,3536.0,2014,1.7854852047244094,363200000.0
Par.,101200000.0,261399999.0,Noah,2014-03-28,130000000.0,222831065.0,1.7140851153846153,138.0,"['Action', 'Adventure', 'Drama']",5.8,229326,[18],En,0.6,7.6,11.0,2014,1.7140851153846153,362599999.0
Par.,101200000.0,261399999.0,Noah,2014-03-28,130000000.0,222831065.0,1.7140851153846153,138.0,"['Action', 'Adventure', 'Drama']",5.8,229326,"[18, 12]",En,13.905,5.6,3955.0,2014,1.7140851153846153,362599999.0
Par.,101200000.0,261399999.0,Noah,2014-03-28,130000000.0,222831065.0,1.7140851153846153,138.0,"['Action', 'Adventure', 'Drama']",5.8,229326,[99],En,0.6,7.5,2.0,2014,1.7140851153846153,362599999.0
Fox,102400000.0,245900000.0,The Maze Runner,2014-09-19,34000000.0,314319861.0,9.244701794117647,113.0,"['Action', 'Mystery', 'Sci-Fi']",6.8,387038,"[28, 9648, 878, 53]",En,36.955,7.1,10626.0,2014,9.244701794117647,348300000.0
Wb,106600000.0,231000000.0,300: Rise Of An Empire,2014-03-07,110000000.0,220780051.0,2.0070913727272726,102.0,"['Action', 'Fantasy', 'War']",6.2,262978,"[28, 10752, 14]",En,23.68,6.0,3870.0,2014,2.0070913727272726,337600000.0
Sony,191700000.0,139600000.0,22 Jump Street,2014-06-13,50000000.0,281333876.0,5.62667752,112.0,"['Action', 'Comedy', 'Crime']",7.0,319504,"[80, 35, 28]",En,11.176,6.9,5167.0,2014,5.62667752,331300000.0
Fox,124900000.0,182300000.0,The Fault In Our Stars,2014-06-06,12000000.0,295166834.0,24.597236166666665,126.0,"['Drama', 'Romance']",7.7,315135,"[10749, 18]",En,16.03,7.6,7236.0,2014,24.597236166666665,307200000.0
Lg/S,150900000.0,137900000.0,Divergent,2014-03-21,85000000.0,191014965.0,2.247234882352941,139.0,"['Action', 'Adventure', 'Mystery']",6.7,399703,"[28, 12, 878]",En,16.982,6.9,8279.0,2014,2.247234882352941,288800000.0
Fox,111500000.0,164200000.0,Mr. Peabody & Sherman,2014-03-07,145000000.0,124806430.0,0.860734,92.0,"['Adventure', 'Animation', 'Comedy']",6.8,57277,"[16, 12, 10751]",En,12.813,6.6,1357.0,2014,0.860734,275700000.0
Uni.,150200000.0,120500000.0,Neighbors,2014-05-09,18000000.0,252944428.0,14.052468222222222,97.0,['Comedy'],6.3,266020,[35],En,14.979,6.2,4536.0,2014,14.052468222222222,270700000.0
Fox,65000000.0,203200000.0,Exodus: Gods And Kings,2014-12-12,140000000.0,128314513.0,0.9165322357142857,150.0,"['Action', 'Adventure', 'Drama']",6.0,150858,"[12, 18, 28]",En,26.789,5.7,2909.0,2014,0.9165322357142857,268200000.0
Wb (Nl),84300000.0,172800000.0,Annabelle,2014-10-03,6500000.0,250362920.0,38.517372307692305,99.0,"['Horror', 'Mystery', 'Thriller']",5.4,122039,[27],En,13.989,5.6,3357.0,2014,38.517372307692305,257100000.0
Wein.,91100000.0,142400000.0,The Imitation Game,2014-11-28,15000000.0,212740463.0,14.182697533333334,114.0,"['Biography', 'Drama', 'Thriller']",8.0,620834,"[36, 18, 53, 10752]",En,33.078,8.1,10396.0,2014,14.182697533333334,233500000.0
Uni.,92200000.0,130600000.0,Non-Stop,2014-02-28,50000000.0,172383055.0,3.4476611,106.0,"['Action', 'Mystery', 'Thriller']",7.0,234717,"[10770, 18, 9648, 53]",En,2.264,5.6,23.0,2014,3.4476611,222800000.0
Uni.,92200000.0,130600000.0,Non-Stop,2014-02-28,50000000.0,172383055.0,3.4476611,106.0,"['Action', 'Mystery', 'Thriller']",7.0,234717,"[28, 53, 9648]",En,13.562,6.8,3330.0,2014,3.4476611,222800000.0
Uni.,56300000.0,160800000.0,Dracula Untold,2014-10-10,70000000.0,150241723.0,2.1463103285714284,92.0,"['Action', 'Drama', 'Fantasy']",6.3,164829,"[27, 28, 18, 14, 10752]",En,29.043,6.2,3719.0,2014,2.1463103285714284,217100000.0
Lgf,39300000.0,175300000.0,The Expendables 3,2014-08-15,100000000.0,109461378.0,1.09461378,126.0,"['Action', 'Adventure', 'Thriller']",6.1,156432,"[28, 12, 53]",En,18.797,6.1,2876.0,2014,1.09461378,214600000.0
Bv,128000000.0,85100000.0,Into The Woods,2014-12-25,56200000.0,156916401.0,2.7921067793594307,125.0,"['Adventure', 'Comedy', 'Drama']",6.0,123577,[53],En,1.201,2.7,3.0,2014,2.7921067793594307,213100000.0
Bv,128000000.0,85100000.0,Into The Woods,2014-12-25,56200000.0,156916401.0,2.7921067793594307,125.0,"['Adventure', 'Comedy', 'Drama']",6.0,123577,"[14, 35]",En,13.726,5.7,2880.0,2014,2.7921067793594307,213100000.0
Bv,43600000.0,159700000.0,Need For Speed,2014-03-14,66000000.0,128169619.0,1.9419639242424243,132.0,"['Action', 'Crime', 'Thriller']",6.5,154909,"[28, 80, 18, 53]",En,13.723,6.1,2389.0,2014,1.9419639242424243,203300000.0
Sony,101500000.0,90800000.0,The Equalizer,2014-09-26,55000000.0,137903624.0,2.507338618181818,132.0,"['Action', 'Crime', 'Thriller']",7.2,302302,"[53, 28, 80]",En,28.942,7.2,4989.0,2014,2.507338618181818,192300000.0
Foxs,59300000.0,115500000.0,The Grand Budapest Hotel,2014-03-07,31000000.0,132981261.0,4.289718096774194,99.0,"['Adventure', 'Comedy', 'Crime']",8.1,633604,"[35, 18]",En,18.31,8.0,8091.0,2014,4.289718096774194,174800000.0
Uni.,86200000.0,83600000.0,Dumb And Dumber To,2014-11-14,40000000.0,116553592.0,2.9138398,109.0,"['Adventure', 'Comedy']",5.6,118646,[35],En,15.964,5.5,1842.0,2014,2.9138398,169800000.0
Uni.,115600000.0,47800000.0,Unbroken,2014-12-25,65000000.0,98527824.0,1.5158126769230769,137.0,"['Biography', 'Drama', 'Sport']",7.2,129981,"[18, 10752]",En,12.354,7.4,2240.0,2014,1.5158126769230769,163400000.0
Wb (Nl),47600000.0,114100000.0,Into The Storm,2014-08-08,50000000.0,100429371.0,2.00858742,89.0,"['Action', 'Adventure', 'Drama']",5.8,60894,"[28, 53]",En,8.884,5.8,1169.0,2014,2.00858742,161700000.0
Sony,78000000.0,77000000.0,The Monuments Men,2014-02-07,70000000.0,88702748.0,1.2671821142857143,118.0,"['Comedy', 'Drama', 'History']",6.1,117638,"[10752, 18, 36, 28]",En,12.861,5.9,2229.0,2014,1.2671821142857143,155000000.0
Uni.,134900000.0,19500000.0,Ride Along,2014-01-17,25000000.0,128733800.0,5.149352,99.0,"['Action', 'Comedy', 'Crime']",6.2,94529,"[28, 35]",En,10.831,6.2,1277.0,2014,5.149352,154400000.0
Par.,50600000.0,84900000.0,Jack Ryan: Shadow Recruit,2014-01-17,60000000.0,71377412.0,1.1896235333333334,105.0,"['Action', 'Drama', 'Thriller']",6.2,114913,"[28, 18, 53]",En,11.061,6.1,1687.0,2014,1.1896235333333334,135500000.0
Wb,46300000.0,81700000.0,Blended,2014-05-23,45000000.0,82990741.0,1.8442386888888889,117.0,"['Comedy', 'Romance']",6.5,106491,[35],En,10.613,6.7,1709.0,2014,1.8442386888888889,128000000.0
Sony,38500000.0,87500000.0,Sex Tape,2014-07-18,40000000.0,86069509.0,2.151737725,94.0,"['Comedy', 'Romance']",5.1,100520,[35],En,20.429,5.3,2684.0,2014,2.151737725,126000000.0
Focus,35900000.0,87800000.0,The Theory Of Everything,2014-11-07,15000000.0,108327692.0,7.221846133333333,123.0,"['Biography', 'Drama', 'Romance']",7.7,361534,"[18, 10749]",En,13.866,7.9,6412.0,2014,7.221846133333333,123700000.0
Orf,64300000.0,56600000.0,The Nut Job,2014-01-17,30000000.0,92529966.0,3.0843322,85.0,"['Adventure', 'Animation', 'Comedy']",5.7,24587,"[16, 35, 10751, 12]",En,10.501,5.6,529.0,2014,3.0843322,120900000.0
Tris,23200000.0,94600000.0,Pompeii,2014-02-21,80000000.0,28469033.0,0.3558629125,105.0,"['Action', 'Adventure', 'Drama']",5.5,100467,"[28, 12, 36, 10749, 18]",En,25.215,5.4,2078.0,2014,0.3558629125,117800000.0
Uni.,72000000.0,40000000.0,The Purge: Anarchy,2014-07-18,9000000.0,102534881.0,11.392764555555555,103.0,"['Action', 'Horror', 'Sci-Fi']",6.5,126203,"[27, 53]",En,28.424,6.6,3754.0,2014,11.392764555555555,112000000.0
Focus,50800000.0,58400000.0,The Boxtrolls,2014-09-26,60000000.0,51946251.0,0.86577085,96.0,"['Adventure', 'Animation', 'Comedy']",6.8,50763,"[16, 35, 10751, 14]",En,11.219,6.7,1016.0,2014,0.86577085,109200000.0
Wb,54400000.0,53200000.0,Horrible Bosses 2,2014-11-26,40000000.0,65945357.0,1.648633925,108.0,"['Comedy', 'Crime']",6.3,144442,[35],En,18.421,6.2,2581.0,2014,1.648633925,107600000.0
Uni.,50900000.0,52700000.0,Ouija,2014-10-24,5000000.0,98300632.0,19.6601264,89.0,"['Horror', 'Mystery', 'Thriller']",4.5,44054,[27],En,15.389,5.1,1670.0,2014,19.6601264,103600000.0
Wb,23000000.0,80000000.0,Transcendence,2014-04-18,100000000.0,3039258.0,0.03039258,119.0,"['Action', 'Drama', 'Sci-Fi']",6.3,204481,[],En,0.6,5.5,2.0,2014,0.03039258,103000000.0
Wb,23000000.0,80000000.0,Transcendence,2014-04-18,100000000.0,3039258.0,0.03039258,119.0,"['Action', 'Drama', 'Sci-Fi']",6.3,204481,"[53, 878, 18, 9648]",En,11.035,6.0,3491.0,2014,0.03039258,103000000.0
Bv,67000000.0,34400000.0,"Alexander And The Terrible, Horrible, No Good, Very Bad Day",2014-10-10,28000000.0,73379287.0,2.6206888214285713,81.0,"['Comedy', 'Family']",6.2,37325,"[10751, 35]",En,6.783,6.2,817.0,2014,2.6206888214285713,101400000.0
Tris,91400000.0,9900000.0,Heaven Is For Real,2014-04-16,12000000.0,88916299.0,7.409691583333333,99.0,"['Biography', 'Drama', 'Family']",5.8,24267,[18],En,9.718,6.2,363.0,2014,7.409691583333333,101300000.0
Wb (Nl),84500000.0,16000000.0,Tammy,2014-07-02,20000000.0,76407655.0,3.82038275,97.0,"['Comedy', 'Romance']",4.9,44345,[35],En,10.979,5.2,735.0,2014,3.82038275,100500000.0
Par.,32500000.0,58400000.0,Paranormal Activity: The Marked Ones,2014-01-03,5000000.0,85904854.0,17.1809708,84.0,"['Horror', 'Mystery', 'Thriller']",5.0,37147,"[27, 53]",En,9.446,5.3,752.0,2014,17.1809708,90900000.0
Bv,54200000.0,34600000.0,The Hundred-Foot Journey,2014-08-08,22000000.0,72270488.0,3.285022181818182,122.0,"['Comedy', 'Drama']",7.3,69562,[18],En,8.26,7.3,785.0,2014,3.285022181818182,88800000.0
Lg/S,43000000.0,45700000.0,John Wick,2014-10-24,30000000.0,46235001.0,1.5411667,101.0,"['Action', 'Crime', 'Thriller']",7.4,449942,"[28, 53]",En,78.123,7.2,10081.0,2014,1.5411667,88700000.0
Sgem,30600000.0,57400000.0,Deliver Us From Evil,2014-07-02,30000000.0,57956618.0,1.9318872666666667,118.0,"['Horror', 'Mystery', 'Thriller']",6.2,63793,"[53, 80, 27]",En,11.283,6.1,1104.0,2014,1.9318872666666667,88000000.0
Uni.,43100000.0,44100000.0,A Million Ways To Die In The West,2014-05-30,40000000.0,46778557.0,1.169463925,116.0,"['Comedy', 'Western']",6.1,160534,"[35, 37]",En,10.816,5.8,2219.0,2014,1.169463925,87200000.0
Rtwc,4600000.0,82200000.0,Snowpiercer,2014-06-27,40000000.0,48069880.0,1.201747,126.0,"['Action', 'Drama', 'Sci-Fi']",7.1,239264,"[28, 878, 18]",Ko,14.735,6.8,4748.0,2014,1.201747,86800000.0
Wb,47100000.0,37300000.0,The Judge,2014-10-10,50000000.0,26119388.0,0.52238776,141.0,"['Crime', 'Drama']",7.4,162952,[18],En,16.464,7.3,2356.0,2014,0.52238776,84400000.0
Wb,47100000.0,37300000.0,The Judge,2014-10-10,50000000.0,26119388.0,0.52238776,141.0,"['Crime', 'Drama']",7.4,162952,"[99, 99]",En,0.6,7.5,2.0,2014,0.52238776,84400000.0
Bv,51200000.0,29200000.0,Muppets Most Wanted,2014-03-21,55000000.0,24312301.0,0.44204183636363636,107.0,"['Adventure', 'Comedy', 'Crime']",6.4,29018,"[35, 12, 80, 10751]",En,9.118,6.2,473.0,2014,0.44204183636363636,80400000.0
Wb (Nl),50500000.0,28400000.0,If I Stay,2014-08-22,11000000.0,67356170.0,6.1232881818181815,107.0,"['Drama', 'Fantasy', 'Music']",6.8,107625,[18],En,12.047,7.4,2703.0,2014,6.1232881818181815,78900000.0
Lgf,19100000.0,52100000.0,"I, Frankenstein",2014-01-24,65000000.0,9575290.0,0.14731215384615384,92.0,"['Action', 'Fantasy', 'Horror']",5.1,74910,"[27, 53]",En,12.7,5.2,1090.0,2014,0.14731215384615384,71200000.0
Sgem,65200000.0,5000000.0,Think Like A Man Too,2014-06-20,24000000.0,46027933.0,1.9178305416666668,106.0,"['Comedy', 'Romance']",5.8,18533,"[35, 10749]",En,8.25,6.3,319.0,2014,1.9178305416666668,70200000.0
Rela.,20400000.0,48500000.0,Brick Mansions,2014-04-25,28000000.0,45421224.0,1.6221865714285715,90.0,"['Action', 'Crime']",5.7,37528,"[28, 80, 18]",En,9.194,5.9,909.0,2014,1.6221865714285715,68900000.0
Fox,59700000.0,8100000.0,Son Of God,2014-02-28,22000000.0,48949793.0,2.224990590909091,138.0,"['Biography', 'Drama', 'History']",5.8,17606,[18],En,8.289,6.4,123.0,2014,2.224990590909091,67800000.0
Wb,47000000.0,20600000.0,Jersey Boys,2014-06-20,40000000.0,25282732.0,0.6320683,134.0,"['Biography', 'Drama', 'Music']",6.8,30410,"[10402, 18]",En,6.933,6.9,380.0,2014,0.6320683,67600000.0
Wein.,45100000.0,21900000.0,The Giver,2014-08-15,25000000.0,41540205.0,1.6616082,97.0,"['Drama', 'Romance', 'Sci-Fi']",6.5,104999,"[18, 878]",En,8.687,6.5,3075.0,2014,1.6616082,67000000.0
Par.,52100000.0,14700000.0,Selma,2015-01-09,20000000.0,46776576.0,2.3388288,128.0,"['Biography', 'Drama', 'History']",7.5,77633,"[36, 18]",En,9.541,7.5,1354.0,2015,2.3388288,66800000.0
Wein.,16200000.0,47300000.0,Begin Again,2014-06-27,8000000.0,60838736.0,7.604842,104.0,"['Comedy', 'Drama', 'Music']",7.4,129884,"[35, 10402, 10749, 18]",En,10.828,7.2,2089.0,2014,7.604842,63500000.0
Lg/S,18800000.0,42400000.0,The Legend Of Hercules,2014-01-10,70000000.0,-11046681.0,-0.15780972857142858,99.0,"['Action', 'Adventure', 'Fantasy']",4.2,50352,"[28, 12]",En,13.754,4.5,805.0,2014,0.15780972857142858,61200000.0
Wb,42000000.0,15800000.0,Dolphin Tale 2,2014-09-12,36000000.0,21824533.0,0.6062370277777778,107.0,"['Drama', 'Family']",6.4,7579,"[10751, 18]",En,7.403,6.7,173.0,2014,0.6062370277777778,57800000.0
Wein.,44100000.0,10700000.0,St. Vincent,2014-10-10,13000000.0,41837234.0,3.2182487692307693,102.0,"['Comedy', 'Drama']",7.3,89372,[35],En,16.379,7.1,1069.0,2014,3.2182487692307693,54800000.0
Uni.,26300000.0,26900000.0,A Walk Among The Tombstones,2014-09-19,28000000.0,34108587.0,1.2181638214285715,114.0,"['Action', 'Crime', 'Drama']",6.5,105116,"[80, 18, 9648, 53]",En,19.373,6.3,1685.0,2014,1.2181638214285715,53200000.0
Rela.,30700000.0,21900000.0,3 Days To Kill,2014-02-21,28000000.0,10959900.0,0.391425,117.0,"['Action', 'Drama', 'Thriller']",6.2,81681,"[28, 18, 53, 80]",En,11.011,6.1,1279.0,2014,0.391425,52600000.0
Spc,13100000.0,35900000.0,Whiplash,2014-10-10,3300000.0,35669037.0,10.80879909090909,106.0,"['Drama', 'Music']",8.5,616916,"[18, 10402]",En,6.298,7.9,94.0,2014,10.80879909090909,49000000.0
Spc,13100000.0,35900000.0,Whiplash,2014-10-10,3300000.0,35669037.0,10.80879909090909,106.0,"['Drama', 'Music']",8.5,616916,"[18, 10402]",En,28.784,8.4,7908.0,2014,10.80879909090909,49000000.0
Rela.,38900000.0,6400000.0,Earth To Echo,2014-07-02,13000000.0,29174545.0,2.2441957692307692,91.0,"['Adventure', 'Family', 'Sci-Fi']",5.8,17627,"[10751, 12, 878]",En,7.189,5.7,377.0,2014,2.2441957692307692,45300000.0
Ifc,25400000.0,19100000.0,Boyhood,2014-07-11,4000000.0,53273049.0,13.31826225,165.0,['Drama'],7.9,315584,[18],En,11.141,7.5,3097.0,2014,13.31826225,44500000.0
Rela.,27700000.0,16300000.0,Oculus,2014-04-11,5000000.0,39115496.0,7.8230992,104.0,"['Horror', 'Mystery']",6.5,106906,[27],En,10.841,6.4,1747.0,2014,7.8230992,44000000.0
Wb,34300000.0,7000000.0,This Is Where I Leave You,2014-09-19,20000000.0,21296320.0,1.064816,103.0,"['Comedy', 'Drama']",6.6,65202,"[18, 35]",En,9.681,6.6,695.0,2014,1.064816,41300000.0
Focus,26100000.0,14400000.0,That Awkward Moment,2014-01-31,8000000.0,45068955.0,5.633619375,94.0,"['Comedy', 'Romance']",6.2,92148,"[35, 10749]",En,8.649,6.1,1759.0,2014,5.633619375,40500000.0
Par.,33700000.0,5600000.0,The Gambler,2014-12-10,25000000.0,13718031.0,0.54872124,111.0,"['Crime', 'Drama', 'Thriller']",6.0,59995,"[53, 80, 18]",En,8.807,5.8,783.0,2014,0.54872124,39300000.0
Par.,33700000.0,5600000.0,The Gambler,1999-08-04,3000000.0,-2898227.0,-0.9660756666666667,111.0,"['Crime', 'Drama', 'Thriller']",6.0,59995,"[53, 80, 18]",En,8.807,5.8,783.0,1999,0.9660756666666667,39300000.0
Bv,36500000.0,2800000.0,Million Dollar Arm,2014-05-16,25000000.0,14217912.0,0.56871648,124.0,"['Biography', 'Drama', 'Sport']",7.0,41008,[18],En,7.771,6.8,353.0,2014,0.56871648,39300000.0
Orf,32400000.0,6300000.0,Nightcrawler,2014-10-31,8500000.0,41834418.0,4.921696235294117,117.0,"['Crime', 'Drama', 'Thriller']",7.9,404476,"[80, 18, 53]",En,25.597,7.7,5860.0,2014,4.921696235294117,38700000.0
Fox,15800000.0,21100000.0,Devil'S Due,2014-01-17,7000000.0,29146087.0,4.163726714285715,89.0,"['Horror', 'Mystery', 'Thriller']",4.1,15502,[27],En,5.893,4.5,303.0,2014,4.163726714285715,36900000.0
Ratt.,17200000.0,19000000.0,A Most Wanted Man,2014-07-25,15000000.0,21068890.0,1.4045926666666666,122.0,"['Crime', 'Drama', 'Thriller']",6.8,67914,[53],En,10.267,6.5,784.0,2014,1.4045926666666666,36200000.0
Rela.,26800000.0,9200000.0,The Best Of Me,2014-10-17,26000000.0,15059418.0,0.5792083846153846,118.0,"['Drama', 'Romance']",6.7,59750,"[18, 10749]",En,8.622,7.3,1512.0,2014,0.5792083846153846,36000000.0
Uni.,30700000.0,2700000.0,Get On Up,2014-08-01,30000000.0,3339868.0,0.11132893333333334,139.0,"['Biography', 'Drama', 'Music']",6.9,19024,"[18, 10402]",En,6.288,6.7,251.0,2014,0.11132893333333334,33400000.0
Rela.,25000000.0,7500000.0,The November Man,2014-08-27,15000000.0,19820335.0,1.3213556666666666,108.0,"['Action', 'Crime', 'Thriller']",6.3,59293,"[80, 28, 53]",En,17.747,6.1,852.0,2014,1.3213556666666666,32500000.0
Tris,30100000.0,0.0,When The Game Stands Tall,2014-08-22,15000000.0,15138912.0,1.0092608,115.0,"['Drama', 'Family', 'Sport']",6.7,14498,[18],En,6.08,6.6,185.0,2014,1.0092608,30100000.0
Lg/S,28800000.0,620000.0,Draft Day,2014-04-11,25000000.0,4847480.0,0.1938992,110.0,"['Drama', 'Sport']",6.8,48812,[18],En,10.581,6.6,460.0,2014,0.1938992,29420000.0
Wein.,14500000.0,14800000.0,Big Eyes,2014-12-25,10000000.0,17317872.0,1.7317872,106.0,"['Biography', 'Crime', 'Drama']",7.0,77447,[18],En,12.017,7.0,2153.0,2014,1.7317872,29300000.0
Par.,25300000.0,800000.0,Top Five,2014-12-12,12000000.0,14001741.0,1.16681175,102.0,"['Comedy', 'Romance']",6.4,24744,"[18, 35]",En,6.322,6.3,281.0,2014,1.16681175,26100000.0
Ce,15200000.0,10200000.0,And So It Goes,2014-07-25,18000000.0,-79987.0,-0.004443722222222222,94.0,"['Comedy', 'Drama', 'Romance']",5.8,11597,"[35, 18, 10749]",En,8.235,5.9,264.0,2014,0.004443722222222222,25400000.0
Orf,17300000.0,6600000.0,A Haunted House 2,2014-04-18,4000000.0,17206861.0,4.30171525,86.0,"['Comedy', 'Fantasy']",4.7,18085,"[35, 27]",En,6.948,5.5,597.0,2014,4.30171525,23900000.0
Wein.,4400000.0,17900000.0,The Railway Man,2014-04-11,18000000.0,5910210.0,0.328345,116.0,"['Biography', 'Drama', 'Romance']",7.1,34586,"[18, 36]",En,9.582,6.9,408.0,2014,0.328345,22300000.0
Spc,4000000.0,18200000.0,Mr. Turner,2014-12-19,14000000.0,11187026.0,0.7990732857142857,150.0,"['Biography', 'Drama', 'History']",6.8,22661,"[36, 18]",En,7.884,6.5,301.0,2014,0.7990732857142857,22200000.0
Par.,13400000.0,6900000.0,Labor Day,2014-01-31,18000000.0,-3810190.0,-0.2116772222222222,111.0,"['Drama', 'Romance']",6.9,39242,[18],En,9.258,6.9,546.0,2014,0.2116772222222222,20300000.0
Foxs,10700000.0,7900000.0,The Drop,2014-09-12,12600000.0,6454534.0,0.5122646031746032,106.0,"['Crime', 'Drama']",7.1,132161,"[18, 80]",En,14.795,6.7,1215.0,2014,0.5122646031746032,18600000.0
Lgf,17400000.0,0.0,Addicted,2014-10-10,5000000.0,12499242.0,2.4998484,106.0,"['Drama', 'Thriller']",5.2,7640,"[18, 53]",En,8.295,5.3,103.0,2014,2.4998484,17400000.0
Ce,3200000.0,12200000.0,Before I Go To Sleep,2014-10-31,22000000.0,-2436421.0,-0.11074640909090909,92.0,"['Drama', 'Horror', 'Mystery']",6.3,64684,"[9648, 53]",En,16.07,6.4,1098.0,2014,0.11074640909090909,15400000.0
Wb,8100000.0,6600000.0,Inherent Vice,2014-12-12,20000000.0,-5227654.0,-0.2613827,148.0,"['Comedy', 'Crime', 'Drama']",6.7,83346,"[35, 10749, 80, 18, 9648]",En,14.244,6.6,1359.0,2014,0.2613827,14700000.0
Wb,8100000.0,6600000.0,Inherent Vice,2014-12-12,20000000.0,-5227654.0,-0.2613827,148.0,"['Comedy', 'Crime', 'Drama']",6.7,83346,"[35, 10749, 80, 18, 9648]",En,14.244,6.6,1359.0,2014,0.2613827,14700000.0
A24,5700000.0,6300000.0,A Most Violent Year,2014-12-31,20000000.0,-11153125.0,-0.55765625,125.0,"['Crime', 'Drama', 'Thriller']",7.0,60165,"[80, 18, 53]",En,12.271,6.6,792.0,2014,0.55765625,12000000.0
A24,5700000.0,6300000.0,A Most Violent Year,2014-12-31,20000000.0,-11153125.0,-0.55765625,125.0,"['Crime', 'Drama', 'Thriller']",7.0,60165,"[80, 18, 53]",En,12.271,6.6,792.0,2014,0.55765625,12000000.0
Ifc,964000.0,9300000.0,The Babadook,2014-11-28,2000000.0,5482387.0,2.7411935,94.0,"['Drama', 'Horror']",6.8,171411,"[18, 27]",En,11.502,6.4,3528.0,2014,2.7411935,10264000.0
Wein.,2000000.0,3800000.0,The Immigrant,2014-05-16,16000000.0,-8414989.0,-0.5259368125,120.0,"['Drama', 'Romance']",6.6,26618,"[18, 10749]",En,8.145,6.2,438.0,2014,0.5259368125,5800000.0
Focus,3600000.0,1900000.0,Wish I Was Here,2014-07-18,6000000.0,591365.0,0.09856083333333333,106.0,"['Comedy', 'Drama']",6.7,34907,"[18, 35]",En,7.845,6.6,440.0,2014,0.09856083333333333,5500000.0
Ratt.,5300000.0,0.0,The Skeleton Twins,2014-09-12,1000000.0,4797192.0,4.797192,93.0,"['Comedy', 'Drama', 'Romance']",6.8,36793,[18],En,10.341,6.7,394.0,2014,4.797192,5300000.0
Ratt.,4400000.0,0.0,Dear White People,2014-10-17,1250000.0,4153771.0,3.3230168,108.0,"['Comedy', 'Drama', 'Romance']",6.1,23321,"[35, 18]",En,7.455,6.1,296.0,2014,3.3230168,4400000.0
Spc,4200000.0,0.0,The Lunchbox,2014-02-28,1700000.0,10531500.0,6.195,104.0,"['Drama', 'Romance']",7.8,42618,"[18, 10749]",Hi,5.888,7.3,350.0,2014,6.195,4200000.0
Mbox,3800000.0,0.0,Ida,2014-05-02,2600000.0,12698355.0,4.8839826923076926,82.0,['Drama'],7.4,46819,[18],Pl,7.568,7.3,455.0,2014,4.8839826923076926,3800000.0
Wb,3300000.0,195000.0,Veronica Mars,2014-03-14,6000000.0,-2514617.0,-0.4191028333333333,107.0,"['Crime', 'Drama', 'Mystery']",6.8,46751,"[35, 18, 80]",En,7.821,6.7,699.0,2014,0.4191028333333333,3495000.0
Ratt.,3500000.0,0.0,Mommy,2015-01-23,4900000.0,12636004.0,2.5787763265306123,139.0,['Drama'],8.1,43020,[18],En,11.095,8.3,1399.0,2015,2.5787763265306123,3500000.0
A24,1100000.0,2100000.0,The Rover,2014-06-13,8500000.0,-5319748.0,-0.625852705882353,103.0,"['Action', 'Crime', 'Drama']",6.4,40576,"[80, 18]",En,13.528,6.2,435.0,2014,0.625852705882353,3200000.0
Orf,3100000.0,0.0,Rosewater,2014-11-14,10000000.0,-6814283.0,-0.6814283,103.0,"['Biography', 'Drama']",6.6,9836,[18],En,9.019,6.7,121.0,2014,0.6814283,3100000.0
A24,3100000.0,0.0,Obvious Child,2014-06-06,1000000.0,2324070.0,2.32407,84.0,"['Comedy', 'Drama', 'Romance']",6.8,21536,"[35, 10749]",En,8.232,6.7,256.0,2014,2.32407,3100000.0
Focus,2500000.0,0.0,Kill The Messenger,2014-10-10,5000000.0,1656705.0,0.331341,112.0,"['Biography', 'Crime', 'Drama']",7.0,41231,"[53, 80, 18, 9648]",En,10.062,6.6,507.0,2014,0.331341,2500000.0
Saban,2400000.0,0.0,The Homesman,2014-11-14,16000000.0,-7782429.0,-0.4864018125,122.0,"['Drama', 'Western']",6.6,27724,"[37, 18]",En,8.232,6.5,389.0,2014,0.4864018125,2400000.0
A24,1800000.0,0.0,Tusk,2014-09-19,3000000.0,-1112446.0,-0.37081533333333333,102.0,"['Comedy', 'Drama', 'Horror']",5.3,40827,"[35, 27, 18, 53]",En,8.655,5.3,601.0,2014,0.37081533333333333,1800000.0
A24,1400000.0,0.0,Locke,2014-04-25,2000000.0,88390.0,0.044195,85.0,['Drama'],7.1,120703,"[18, 53]",En,9.128,6.9,1370.0,2014,0.044195,1400000.0
Dr,800.0,1100000.0,Jackpot,2001-07-27,400000.0,-355548.0,-0.88887,86.0,"['Action', 'Comedy', 'Crime']",6.6,2941,[35],En,0.6,6.0,1.0,2001,0.88887,1100800.0
Dr,800.0,1100000.0,Jackpot,2001-07-27,400000.0,-355548.0,-0.88887,86.0,"['Action', 'Comedy', 'Crime']",6.6,2941,"[28, 35, 80]",No,2.864,6.1,18.0,2001,0.88887,1100800.0
Trib.,768000.0,0.0,Palo Alto,2014-05-09,1000000.0,156309.0,0.156309,100.0,['Drama'],6.2,25402,[18],En,7.262,6.4,528.0,2014,0.156309,768000.0
Trib.,768000.0,0.0,Palo Alto,2014-05-09,1000000.0,156309.0,0.156309,100.0,['Drama'],6.2,25402,[18],En,7.262,6.4,528.0,2014,0.156309,768000.0
Foxs,524000.0,0.0,Dom Hemingway,2014-04-02,7000000.0,-5142542.0,-0.7346488571428571,93.0,"['Comedy', 'Crime', 'Drama']",6.2,24557,"[35, 80, 18]",En,7.254,5.8,302.0,2014,0.7346488571428571,524000.0
Ifc,350000.0,0.0,The Face Of Love,2014-03-07,4000000.0,-2841123.0,-0.71028075,92.0,"['Drama', 'Mystery', 'Romance']",6.2,4710,"[18, 10749]",En,5.519,6.1,68.0,2014,0.71028075,350000.0
Xl,341000.0,0.0,Jimi: All Is By My Side,2014-09-26,5000000.0,-4072926.0,-0.8145852,118.0,"['Biography', 'Drama', 'Music']",5.7,5726,"[18, 10402]",En,6.461,5.5,96.0,2014,0.8145852,341000.0
Foxs,336000.0,0.0,I Origins,2014-07-18,1000000.0,-147601.0,-0.147601,106.0,"['Drama', 'Romance', 'Sci-Fi']",7.4,104718,"[878, 18]",En,8.459,7.6,1814.0,2014,0.147601,336000.0
Gold.,58300.0,0.0,Rudderless,2014-10-17,5000000.0,-4432781.0,-0.8865562,105.0,"['Comedy', 'Drama', 'Music']",7.5,16303,"[10402, 18, 35]",En,8.03,7.4,149.0,2014,0.8865562,58300.0
Eone,18600.0,0.0,Two Night Stand,2014-09-26,1600000.0,-731919.0,-0.457449375,86.0,"['Comedy', 'Romance']",6.4,60510,"[10749, 35]",En,9.191,6.5,1241.0,2014,0.457449375,18600.0
Rtwc,13800.0,0.0,13 Sins,2014-04-18,4000000.0,-3952448.0,-0.988112,93.0,"['Horror', 'Thriller']",6.3,29550,"[27, 53]",En,10.899,6.3,576.0,2014,0.988112,13800.0
Ifc,13300.0,0.0,Camp X-Ray,2014-10-17,1000000.0,-898947.0,-0.898947,117.0,"['Drama', 'War']",6.9,36700,[18],En,15.237,6.8,618.0,2014,0.898947,13300.0
Ke,12100.0,0.0,Wolves,2014-11-14,18000000.0,-17905047.0,-0.9947248333333333,91.0,"['Action', 'Fantasy', 'Horror']",5.3,7312,"[27, 28]",En,8.627,5.8,151.0,2014,0.9947248333333333,12100.0
Ke,12100.0,0.0,Wolves,2014-11-14,18000000.0,-17905047.0,-0.9947248333333333,91.0,"['Action', 'Fantasy', 'Horror']",5.3,7312,[18],En,4.27,5.8,22.0,2014,0.9947248333333333,12100.0
Ke,12100.0,0.0,Wolves,2014-11-14,18000000.0,-17905047.0,-0.9947248333333333,91.0,"['Action', 'Fantasy', 'Horror']",5.3,7312,[18],En,4.27,5.8,22.0,2014,0.9947248333333333,12100.0
Free,11800.0,0.0,Falcon Rising,2014-09-04,4500000.0,-4488226.0,-0.9973835555555556,103.0,"['Action', 'Adventure']",5.8,6955,"[12, 28]",En,10.059,5.8,126.0,2014,0.9973835555555556,11800.0
Ve,4300.0,0.0,Anna,2014-06-06,4357373.0,-3157373.0,-0.7246047102233387,99.0,"['Drama', 'Mystery', 'Sci-Fi']",6.5,19733,[27],En,1.463,3.1,8.0,2014,0.7246047102233387,4300.0
Uni.,652300000.0,0.0,Jurassic World,2015-06-12,215000000.0,1433854864.0,6.669092390697674,124.0,"['Action', 'Adventure', 'Sci-Fi']",7.0,539338,"[28, 12, 878, 53]",En,20.709,6.6,14056.0,2015,6.669092390697674,652300000.0
Uni.,353000000.0,0.0,Furious 7,2015-04-03,190000000.0,1328722794.0,6.9932778631578945,137.0,"['Action', 'Crime', 'Thriller']",7.2,335074,"[28, 80, 53]",En,20.396,7.3,6538.0,2015,6.9932778631578945,353000000.0
Bv,459000000.0,946400000.0,Avengers: Age Of Ultron,2015-05-01,330600000.0,1072413963.0,3.2438413883847548,141.0,"['Action', 'Adventure', 'Sci-Fi']",7.3,665594,"[28, 12, 878]",En,44.383,7.3,13457.0,2015,3.2438413883847548,1405400000.0
Uni.,336000000.0,823400000.0,Minions,2015-07-10,74000000.0,1086336173.0,14.680218554054054,91.0,"['Adventure', 'Animation', 'Comedy']",6.4,193917,"[10751, 16, 12, 35]",En,9.338,6.4,7343.0,2015,14.680218554054054,1159400000.0
Sony,200100000.0,680600000.0,Spectre,2015-11-06,300000000.0,579620923.0,1.9320697433333334,148.0,"['Action', 'Adventure', 'Thriller']",6.8,352504,"[28, 12, 80]",En,30.318,6.4,6719.0,2015,1.9320697433333334,880700000.0
Sony,200100000.0,680600000.0,Spectre,2015-11-06,300000000.0,579620923.0,1.9320697433333334,148.0,"['Action', 'Adventure', 'Thriller']",6.8,352504,"[28, 12, 80]",En,30.318,6.4,6719.0,2015,1.9320697433333334,880700000.0
Bv,356500000.0,501100000.0,Inside Out,2015-06-19,175000000.0,679235992.0,3.881348525714286,95.0,"['Adventure', 'Animation', 'Comedy']",8.2,536181,"[18, 80]",En,4.758,4.4,18.0,2015,3.881348525714286,857600000.0
Bv,356500000.0,501100000.0,Inside Out,2015-06-19,175000000.0,679235992.0,3.881348525714286,95.0,"['Adventure', 'Animation', 'Comedy']",8.2,536181,"[18, 35, 16, 10751]",En,24.797,8.0,12691.0,2015,3.881348525714286,857600000.0
Lgf,281700000.0,371700000.0,The Hunger Games: Mockingjay - Part 2,2015-11-20,160000000.0,488986787.0,3.05616741875,137.0,"['Action', 'Adventure', 'Sci-Fi']",6.6,252384,"[28, 12, 878]",En,19.487,6.8,7609.0,2015,3.05616741875,653400000.0
Lgf,281700000.0,371700000.0,The Hunger Games: Mockingjay - Part 2,2015-11-20,160000000.0,488986787.0,3.05616741875,137.0,"['Action', 'Adventure', 'Sci-Fi']",6.6,252384,"[28, 12, 878]",En,19.487,6.8,7609.0,2015,3.05616741875,653400000.0
Fox,228400000.0,401700000.0,The Martian,2015-10-02,108000000.0,547271443.0,5.067328175925926,144.0,"['Adventure', 'Drama', 'Sci-Fi']",8.0,680116,"[18, 12, 878]",En,22.856,7.7,12172.0,2015,5.067328175925926,630100000.0
Fox,228400000.0,401700000.0,The Martian,2015-10-02,108000000.0,547271443.0,5.067328175925926,144.0,"['Adventure', 'Drama', 'Sci-Fi']",8.0,680116,"[18, 12, 878]",En,22.856,7.7,12172.0,2015,5.067328175925926,630100000.0
Uni.,166200000.0,404800000.0,Fifty Shades Of Grey,2015-02-13,40000000.0,530998101.0,13.274952525,125.0,"['Drama', 'Romance', 'Thriller']",4.1,279126,"[18, 10749, 53]",En,21.229,5.4,6451.0,2015,13.274952525,571000000.0
Fox,183600000.0,349300000.0,The Revenant,2015-12-25,135000000.0,397938302.0,2.947691125925926,156.0,"['Action', 'Adventure', 'Biography']",8.0,621193,"[37, 18, 12]",En,19.41,7.4,11064.0,2015,2.947691125925926,532900000.0
Fox,183600000.0,349300000.0,The Revenant,2015-12-25,135000000.0,397938302.0,2.947691125925926,156.0,"['Action', 'Adventure', 'Biography']",8.0,621193,"[37, 18, 12]",En,19.41,7.4,11064.0,2015,2.947691125925926,532900000.0
Bv,180200000.0,339100000.0,Ant-Man,2015-07-17,130000000.0,388858449.0,2.9912188384615384,117.0,"['Action', 'Adventure', 'Comedy']",7.3,501213,"[878, 28, 12]",En,32.715,7.1,11949.0,2015,2.9912188384615384,519300000.0
Sony,169700000.0,305100000.0,Hotel Transylvania 2,2015-09-25,80000000.0,389500298.0,4.868753725,89.0,"['Animation', 'Comedy', 'Family']",6.7,92905,"[16, 35, 10751, 14]",En,16.553,6.7,3184.0,2015,4.868753725,474800000.0
Wb (Nl),155200000.0,318800000.0,San Andreas,2015-05-29,110000000.0,346258539.0,3.1478049,114.0,"['Action', 'Adventure', 'Drama']",6.1,192750,"[28, 18, 53]",En,27.414,6.1,5125.0,2015,3.1478049,474000000.0
Fox,128300000.0,286100000.0,Kingsman: The Secret Service,2015-02-13,94000000.0,310561724.0,3.3038481276595744,129.0,"['Action', 'Adventure', 'Comedy']",7.7,544510,"[80, 35, 28, 12]",En,26.103,7.6,10287.0,2015,3.3038481276595744,414400000.0
Fox,128300000.0,286100000.0,Kingsman: The Secret Service,2015-02-13,94000000.0,310561724.0,3.3038481276595744,129.0,"['Action', 'Adventure', 'Comedy']",7.7,544510,"[80, 35, 28, 12]",En,26.103,7.6,10287.0,2015,3.3038481276595744,414400000.0
Wb,153600000.0,224800000.0,Mad Max: Fury Road,2015-05-15,150000000.0,220098020.0,1.4673201333333334,120.0,"['Action', 'Adventure', 'Sci-Fi']",8.1,780910,"[28, 12, 878]",En,28.099,7.4,14454.0,2015,1.4673201333333334,378400000.0
Bv,123100000.0,209100000.0,The Good Dinosaur,2015-11-25,187500000.0,146271037.0,0.7801121973333334,93.0,"['Adventure', 'Animation', 'Comedy']",6.7,91465,"[12, 16, 10751]",En,17.675,6.7,3135.0,2015,0.7801121973333334,332200000.0
Bv,123100000.0,209100000.0,The Good Dinosaur,2015-11-25,187500000.0,146271037.0,0.7801121973333334,93.0,"['Adventure', 'Animation', 'Comedy']",6.7,91465,"[12, 16, 10751]",En,17.675,6.7,3135.0,2015,0.7801121973333334,332200000.0
Fox,89300000.0,237200000.0,Taken 3,2015-01-09,48000000.0,279656424.0,5.8261755,108.0,"['Action', 'Thriller']",6.0,165072,"[53, 28]",En,27.679,6.1,3406.0,2015,5.8261755,326500000.0
Par.,163000000.0,162200000.0,The Spongebob Movie: Sponge Out Of Water,2015-02-06,74000000.0,237013181.0,3.2028808243243243,92.0,"['Adventure', 'Animation', 'Comedy']",6.0,43560,"[12, 35, 10751, 14, 16]",En,13.815,5.7,1165.0,2015,3.2028808243243243,325200000.0
Fox,81700000.0,230600000.0,Maze Runner: The Scorch Trials,2015-09-18,61000000.0,249566162.0,4.09124855737705,131.0,"['Action', 'Sci-Fi', 'Thriller']",6.3,201143,"[28, 878, 53]",En,17.31,6.6,6365.0,2015,4.09124855737705,312300000.0
Uni.,184300000.0,103200000.0,Pitch Perfect 2,2015-05-15,29000000.0,258625468.0,8.918119586206897,115.0,"['Comedy', 'Music']",6.4,130692,"[35, 10402]",En,18.469,6.8,3599.0,2015,8.918119586206897,287500000.0
W/Dim.,76300000.0,191800000.0,Paddington,2015-01-16,55000000.0,203789097.0,3.705256309090909,95.0,"['Adventure', 'Comedy', 'Family']",7.2,84679,"[35, 12, 10751]",En,13.565,7.0,1904.0,2015,3.705256309090909,268100000.0
Fox,130199999.0,116100000.0,The Peanuts Movie,2015-11-06,99000000.0,151091610.0,1.5261778787878788,88.0,"['Adventure', 'Animation', 'Comedy']",7.1,39149,"[12, 35, 16, 10751]",En,11.344,6.6,894.0,2015,1.5261778787878788,246299999.0
Fox,130199999.0,116100000.0,The Peanuts Movie,2015-11-06,99000000.0,151091610.0,1.5261778787878788,88.0,"['Adventure', 'Animation', 'Comedy']",7.1,39149,"[12, 35, 16, 10751]",En,11.344,6.6,894.0,2015,1.5261778787878788,246299999.0
Sony,78700000.0,166100000.0,Pixels,2015-07-24,90000000.0,154041804.0,1.7115756,105.0,"['Action', 'Comedy', 'Sci-Fi']",5.6,119789,[878],En,2.172,7.1,35.0,2015,1.7115756,244800000.0
Sony,78700000.0,166100000.0,Pixels,2015-07-24,90000000.0,154041804.0,1.7115756,105.0,"['Action', 'Comedy', 'Sci-Fi']",5.6,119789,"[28, 35, 878]",En,23.029,5.6,4423.0,2015,1.7115756,244800000.0
Fox,85900000.0,148900000.0,Alvin And The Chipmunks: The Road Chip,2015-12-18,90000000.0,159517956.0,1.7724217333333334,92.0,"['Adventure', 'Animation', 'Comedy']",5.1,14507,"[12, 16, 35, 10751]",En,14.973,5.8,852.0,2015,1.7724217333333334,234800000.0
Uni.,81500000.0,135200000.0,Ted 2,2015-06-26,68000000.0,149214143.0,2.194325632352941,115.0,['Comedy'],6.3,165843,[35],En,17.684,6.1,4227.0,2015,2.194325632352941,216700000.0
Bv,93400000.0,115700000.0,Tomorrowland,2015-05-22,170000000.0,36627518.0,0.2154559882352941,130.0,"['Action', 'Adventure', 'Family']",6.4,161343,"[12, 10751, 9648, 878]",En,20.136,6.2,4610.0,2015,0.2154559882352941,209100000.0
Uni.,161200000.0,40400000.0,Straight Outta Compton,2015-08-14,28000000.0,174182981.0,6.22082075,147.0,"['Biography', 'Drama', 'History']",7.9,165307,"[18, 10402]",En,11.731,7.7,2048.0,2015,6.22082075,201600000.0
Uni.,161200000.0,40400000.0,Straight Outta Compton,2015-08-14,28000000.0,174182981.0,6.22082075,147.0,"['Biography', 'Drama', 'History']",7.9,165307,"[18, 10402]",En,11.731,7.7,2048.0,2015,6.22082075,201600000.0
Wb,75800000.0,118800000.0,The Intern,2015-09-25,40000000.0,157115710.0,3.92789275,121.0,"['Comedy', 'Drama']",7.1,191494,[35],En,14.377,7.1,3373.0,2015,3.92789275,194600000.0
Wb,47400000.0,136600000.0,Jupiter Ascending,2015-02-06,179000000.0,2982519.0,0.016662117318435754,127.0,"['Action', 'Adventure', 'Sci-Fi']",5.3,166327,"[878, 14, 28, 12]",En,24.058,5.3,4401.0,2015,0.016662117318435754,184000000.0
Wb (Nl),109800000.0,63800000.0,Creed,2015-11-25,37000000.0,136567581.0,3.691015702702703,133.0,"['Drama', 'Sport']",7.6,224671,[18],En,16.356,7.3,4010.0,2015,3.691015702702703,173600000.0
Wb (Nl),109800000.0,63800000.0,Creed,2015-11-25,37000000.0,136567581.0,3.691015702702703,133.0,"['Drama', 'Sport']",7.6,224671,[18],En,16.356,7.3,4010.0,2015,3.691015702702703,173600000.0
Fox,56100000.0,111900000.0,Fantastic Four,2015-08-07,120000000.0,47849187.0,0.398743225,100.0,"['Action', 'Adventure', 'Drama']",4.3,140148,"[28, 12, 878]",En,16.36,4.4,3837.0,2015,0.398743225,168000000.0
Fox,56100000.0,111900000.0,Fantastic Four,2005-07-08,87500000.0,245632750.0,2.8072314285714284,100.0,"['Action', 'Adventure', 'Drama']",4.3,140148,"[28, 12, 878]",En,16.36,4.4,3837.0,2005,2.8072314285714284,168000000.0
Bv,72300000.0,93200000.0,Bridge Of Spies,2015-10-16,40000000.0,122498338.0,3.06245845,142.0,"['Drama', 'History', 'Thriller']",7.6,263004,"[53, 18]",En,12.836,7.2,4313.0,2015,3.06245845,165500000.0
Bv,72300000.0,93200000.0,Bridge Of Spies,2015-10-16,40000000.0,122498338.0,3.06245845,142.0,"['Drama', 'History', 'Thriller']",7.6,263004,"[53, 18]",En,12.836,7.2,4313.0,2015,3.06245845,165500000.0
Wein.,54100000.0,101600000.0,The Hateful Eight,2015-12-25,62000000.0,85864886.0,1.3849175161290324,168.0,"['Crime', 'Drama', 'Mystery']",7.8,434966,"[80, 18, 9648, 37]",En,20.681,7.7,8065.0,2015,1.3849175161290324,155700000.0
Wein.,54100000.0,101600000.0,The Hateful Eight,2015-12-25,62000000.0,85864886.0,1.3849175161290324,168.0,"['Crime', 'Drama', 'Mystery']",7.8,434966,"[80, 18, 9648, 37]",En,20.681,7.7,8065.0,2015,1.3849175161290324,155700000.0
Sony,80100000.0,70100000.0,Goosebumps,2015-10-16,58000000.0,100905324.0,1.7397469655172413,103.0,"['Adventure', 'Comedy', 'Family']",6.3,72858,"[12, 27, 35]",En,18.957,6.2,2147.0,2015,1.7397469655172413,150200000.0
Sony,80100000.0,70100000.0,Goosebumps,2015-10-16,58000000.0,100905324.0,1.7397469655172413,103.0,"['Adventure', 'Comedy', 'Family']",6.3,72858,"[12, 27, 35]",En,18.957,6.2,2147.0,2015,1.7397469655172413,150200000.0
Lg/S,27400000.0,119600000.0,The Last Witch Hunter,2015-10-23,80000000.0,50818912.0,0.6352364,106.0,"['Action', 'Adventure', 'Fantasy']",6.0,86118,"[14, 28, 12, 878]",En,16.685,5.8,2193.0,2015,0.6352364,147000000.0
Lg/S,27400000.0,119600000.0,The Last Witch Hunter,2015-10-23,80000000.0,50818912.0,0.6352364,106.0,"['Action', 'Adventure', 'Fantasy']",6.0,86118,"[14, 28, 12, 878]",En,16.685,5.8,2193.0,2015,0.6352364,147000000.0
Uni.,110200000.0,30600000.0,Trainwreck,2015-07-17,35000000.0,106123897.0,3.0321113428571427,125.0,"['Comedy', 'Drama', 'Romance']",6.2,121860,"[35, 10749]",En,18.423,5.8,1731.0,2015,3.0321113428571427,140800000.0
Par.,70300000.0,63200000.0,The Big Short,2015-12-11,28000000.0,105162752.0,3.7558125714285713,130.0,"['Biography', 'Comedy', 'Drama']",7.8,309227,"[35, 18]",En,14.327,7.3,4657.0,2015,3.7558125714285713,133500000.0
Wb,35100000.0,93300000.0,Pan,2015-10-09,150000000.0,1525973.0,0.010173153333333334,111.0,"['Adventure', 'Comedy', 'Family']",5.8,55867,"[12, 10751, 14]",En,13.054,5.9,1701.0,2015,0.010173153333333334,128400000.0
Wb,66000000.0,56500000.0,Magic Mike Xxl,2015-07-01,14500000.0,109160597.0,7.528317034482758,115.0,"['Comedy', 'Drama', 'Music']",5.6,48497,"[35, 18]",En,8.681,6.2,1110.0,2015,7.528317034482758,122500000.0
Uni.,17200000.0,97000000.0,Seventh Son,2015-02-06,95000000.0,13874967.0,0.14605228421052632,102.0,"['Action', 'Adventure', 'Fantasy']",5.5,66565,"[12, 14]",En,22.856,5.3,1549.0,2015,0.14605228421052632,114200000.0
Wb,90400000.0,21400000.0,Get Hard,2015-03-27,40000000.0,66511453.0,1.662786325,100.0,"['Comedy', 'Crime']",6.0,111187,[35],En,12.129,6.0,1469.0,2015,1.662786325,111800000.0
Wb,45400000.0,64400000.0,The Man From U.N.C.L.E.,2015-08-14,75000000.0,29949584.0,0.3993277866666667,116.0,"['Action', 'Adventure', 'Comedy']",7.3,240606,"[35, 28, 12]",En,18.956,7.1,3525.0,2015,0.3993277866666667,109800000.0
Sony,71000000.0,36600000.0,Paul Blart: Mall Cop 2,2015-04-17,38000000.0,69650646.0,1.8329117368421053,94.0,"['Action', 'Comedy', 'Crime']",4.4,30828,"[28, 35, 10751]",En,15.941,5.0,900.0,2015,1.8329117368421053,107600000.0
Uni.,87000000.0,18000000.0,Sisters,2015-12-18,30000000.0,76030660.0,2.5343553333333335,118.0,['Comedy'],6.0,58994,[35],En,10.993,5.9,922.0,2015,2.5343553333333335,105000000.0
Wb (Nl),58900000.0,46000000.0,Vacation,2015-07-29,31000000.0,71306500.0,2.300209677419355,99.0,"['Adventure', 'Comedy']",6.1,87582,[18],Hu,0.6,7.0,1.0,2015,2.300209677419355,104900000.0
Wb (Nl),58900000.0,46000000.0,Vacation,2015-07-29,31000000.0,71306500.0,2.300209677419355,99.0,"['Adventure', 'Comedy']",6.1,87582,[35],En,14.227,6.2,1934.0,2015,2.300209677419355,104900000.0
Sony,31600000.0,70500000.0,Chappie,2015-03-06,49000000.0,56002056.0,1.1428991020408164,120.0,"['Action', 'Crime', 'Drama']",6.8,213733,"[80, 28, 878]",En,24.52,6.7,4995.0,2015,1.1428991020408164,102100000.0
Fox,56500000.0,44700000.0,Joy,2015-12-25,60000000.0,41134059.0,0.68556765,124.0,['Drama'],6.6,118086,"[18, 35]",En,10.305,6.5,2723.0,2015,0.68556765,101200000.0
Wb,62600000.0,37200000.0,Black Mass,2015-09-18,53000000.0,45837872.0,0.8648655094339622,123.0,"['Biography', 'Crime', 'Drama']",6.9,155847,"[18, 80]",En,14.646,6.4,2020.0,2015,0.8648655094339622,99800000.0
Wb,62600000.0,37200000.0,Black Mass,2015-09-18,53000000.0,45837872.0,0.8648655094339622,123.0,"['Biography', 'Crime', 'Drama']",6.9,155847,[27],En,0.959,10.0,1.0,2015,0.8648655094339622,99800000.0
Uni.,65200000.0,33200000.0,The Visit,2015-09-11,5000000.0,93677816.0,18.7355632,94.0,"['Horror', 'Mystery', 'Thriller']",6.2,102459,"[27, 53, 9648]",En,10.196,6.2,2634.0,2015,18.7355632,98400000.0
Uni.,65200000.0,33200000.0,The Visit,2015-09-11,5000000.0,93677816.0,18.7355632,94.0,"['Horror', 'Mystery', 'Thriller']",6.2,102459,[],En,0.631,8.0,1.0,2015,18.7355632,98400000.0
Orf,45100000.0,53200000.0,Spotlight,2015-11-06,20000000.0,72088460.0,3.604423,129.0,"['Crime', 'Drama']",8.1,365110,"[18, 53, 36]",En,16.354,7.8,4935.0,2015,3.604423,98300000.0
Orf,45100000.0,53200000.0,Spotlight,2015-11-06,20000000.0,72088460.0,3.604423,129.0,"['Crime', 'Drama']",8.1,365110,"[18, 53, 36]",En,16.354,7.8,4935.0,2015,3.604423,98300000.0
Orf,45100000.0,53200000.0,Spotlight,2015-11-06,20000000.0,72088460.0,3.604423,129.0,"['Crime', 'Drama']",8.1,365110,[],En,0.6,10.0,1.0,2015,3.604423,98300000.0
Wb,25000000.0,68900000.0,In The Heart Of The Sea,2015-12-11,100000000.0,-10306691.0,-0.10306691,122.0,"['Action', 'Adventure', 'Biography']",6.9,108628,"[53, 18, 12, 28, 36]",En,14.33,6.6,2137.0,2015,0.10306691,93900000.0
Wb,25000000.0,68900000.0,In The Heart Of The Sea,2015-12-11,100000000.0,-10306691.0,-0.10306691,122.0,"['Action', 'Adventure', 'Biography']",6.9,108628,"[53, 18, 12, 28, 36]",En,14.33,6.6,2137.0,2015,0.10306691,93900000.0
Wein.,52400000.0,39500000.0,Southpaw,2015-07-24,30000000.0,64156456.0,2.138548533333333,124.0,"['Drama', 'Sport']",7.4,199783,"[28, 18]",En,25.305,7.4,3424.0,2015,2.138548533333333,91900000.0
Foxs,33100000.0,52900000.0,The Second Best Exotic Marigold Hotel,2015-03-06,10000000.0,80384306.0,8.0384306,122.0,"['Comedy', 'Drama']",6.6,28931,"[18, 35]",En,7.731,6.4,420.0,2015,8.0384306,86000000.0
Fox,32000000.0,53500000.0,Paper Towns,2015-07-24,12000000.0,73450484.0,6.120873666666666,109.0,"['Comedy', 'Drama', 'Mystery']",6.3,87742,"[18, 9648, 10749]",En,11.564,6.0,3587.0,2015,6.120873666666666,85500000.0
Lgf,46900000.0,38000000.0,Sicario,2015-09-18,30000000.0,54393749.0,1.8131249666666667,121.0,"['Action', 'Crime', 'Drama']",7.6,328548,"[28, 80, 53]",En,20.468,7.3,4475.0,2015,1.8131249666666667,84900000.0
Lgf,46900000.0,38000000.0,Sicario,2015-09-18,30000000.0,54393749.0,1.8131249666666667,121.0,"['Action', 'Crime', 'Drama']",7.6,328548,"[28, 80, 53]",En,20.468,7.3,4475.0,2015,1.8131249666666667,84900000.0
Fox,22500000.0,59900000.0,Hitman: Agent 47,2015-08-21,35000000.0,47182803.0,1.3480800857142856,96.0,"['Action', 'Adventure', 'Crime']",5.7,80510,"[28, 80, 53]",En,14.082,5.6,1764.0,2015,1.3480800857142856,82400000.0
Sgem,64500000.0,15300000.0,The Wedding Ringer,2015-01-16,23000000.0,57171596.0,2.4857215652173914,101.0,['Comedy'],6.7,66893,[35],En,15.876,6.5,961.0,2015,2.4857215652173914,79800000.0
Par.,18300000.0,60600000.0,Paranormal Activity: The Ghost Dimension,2015-10-23,10000000.0,67959374.0,6.7959374,88.0,"['Horror', 'Mystery', 'Thriller']",4.6,22361,"[27, 53]",En,8.157,5.2,774.0,2015,6.7959374,78900000.0
Uni.,31100000.0,43600000.0,Crimson Peak,2015-10-16,55000000.0,19966854.0,0.3630337090909091,119.0,"['Drama', 'Fantasy', 'Horror']",6.5,119287,"[18, 14, 27, 9648, 10749, 53]",En,9.897,6.5,2986.0,2015,0.3630337090909091,74700000.0
Uni.,31100000.0,43600000.0,Crimson Peak,2015-10-16,55000000.0,19966854.0,0.3630337090909091,119.0,"['Drama', 'Fantasy', 'Horror']",6.5,119287,"[18, 14, 27, 9648, 10749, 53]",En,9.897,6.5,2986.0,2015,0.3630337090909091,74700000.0
Ec,16000000.0,56600000.0,The Transporter Refueled,2015-09-04,22000000.0,47698495.0,2.168113409090909,96.0,"['Action', 'Adventure', 'Crime']",5.2,36201,"[53, 28, 80, 9648]",En,13.428,5.4,836.0,2015,2.168113409090909,72600000.0
Wb,26500000.0,45200000.0,Run All Night,2015-03-13,50000000.0,16961644.0,0.33923288,114.0,"['Action', 'Drama', 'Thriller']",6.6,94131,"[28, 18, 53]",En,17.592,6.4,1684.0,2015,0.33923288,71700000.0
Tris,67800000.0,0.0,War Room,2015-08-28,3000000.0,70975239.0,23.658413,120.0,['Drama'],6.5,11716,"[18, 10749]",En,7.419,7.5,171.0,2015,23.658413,67800000.0
Lgf,42600000.0,23000000.0,The Age Of Adaline,2015-04-24,30000000.0,38984536.0,1.2994845333333334,112.0,"['Drama', 'Fantasy', 'Romance']",7.2,138924,"[14, 18, 10749]",En,8.559,7.4,3853.0,2015,1.2994845333333334,65600000.0
Uni.,32500000.0,31600000.0,Unfriended,2015-04-17,1000000.0,63364198.0,63.364198,83.0,"['Horror', 'Mystery', 'Thriller']",5.6,62043,"[27, 53]",En,8.12,5.4,2019.0,2015,63.364198,64100000.0
Fox,37400000.0,25500000.0,The Longest Ride,2015-04-10,34000000.0,29802928.0,0.8765567058823529,123.0,"['Drama', 'Romance']",7.1,70327,"[18, 10749]",En,11.168,7.5,1908.0,2015,0.8765567058823529,62900000.0
Foxs,38300000.0,23800000.0,Brooklyn,2015-11-04,11000000.0,51076141.0,4.643285545454545,117.0,"['Drama', 'Romance']",7.5,117021,"[18, 10749]",En,12.083,7.3,1912.0,2015,4.643285545454545,62100000.0
Foxs,38300000.0,23800000.0,Brooklyn,2015-11-04,11000000.0,51076141.0,4.643285545454545,117.0,"['Drama', 'Romance']",7.5,117021,"[18, 10402]",Fr,0.916,6.0,1.0,2015,4.643285545454545,62100000.0
Wein.,33299999.0,28300000.0,Woman In Gold,2015-04-01,11000000.0,47586407.0,4.326037,109.0,"['Biography', 'Drama', 'History']",7.3,48501,[18],En,7.76,7.4,787.0,2015,4.326037,61599999.0
Uni.,42700000.0,18800000.0,Krampus,2015-12-04,15000000.0,46788393.0,3.1192262,98.0,"['Comedy', 'Fantasy', 'Horror']",6.2,55400,"[27, 35, 14]",En,9.417,6.0,1046.0,2015,3.1192262,61500000.0
Tris,10100000.0,51000000.0,The Walk,2015-09-30,35000000.0,26492104.0,0.7569172571428572,123.0,"['Adventure', 'Biography', 'Drama']",7.3,109714,"[12, 18, 53]",En,11.754,6.9,1906.0,2015,0.7569172571428572,61100000.0
Sgem,57000000.0,3200000.0,The Perfect Guy,2015-09-11,18000000.0,42278166.0,2.348787,100.0,"['Crime', 'Drama', 'Horror']",5.6,8998,"[18, 53]",En,6.727,5.7,211.0,2015,2.348787,60200000.0
Wein.,27300000.0,27100000.0,No Escape,2015-08-26,5000000.0,37844516.0,7.5689032,103.0,"['Action', 'Thriller']",6.8,70222,"[28, 53]",En,19.005,6.8,1296.0,2015,7.5689032,54400000.0
Focus,27700000.0,25100000.0,Sinister 2,2015-08-21,10000000.0,44104225.0,4.4104225,97.0,"['Horror', 'Mystery', 'Thriller']",5.3,41782,[27],En,9.916,5.8,1142.0,2015,4.4104225,52800000.0
Uni.,35400000.0,17000000.0,The Boy Next Door,2015-01-23,4000000.0,49401938.0,12.3504845,91.0,"['Horror', 'Thriller']",4.7,34816,[18],En,0.6,5.7,6.0,2015,12.3504845,52400000.0
Uni.,35400000.0,17000000.0,The Boy Next Door,2015-01-23,4000000.0,49401938.0,12.3504845,91.0,"['Horror', 'Thriller']",4.7,34816,[53],En,7.062,4.4,1382.0,2015,12.3504845,52400000.0
Sony,43000000.0,9300000.0,The Night Before,2015-11-20,25000000.0,27427346.0,1.09709384,101.0,"['Adventure', 'Comedy', 'Fantasy']",6.4,58455,[35],En,9.014,6.1,956.0,2015,1.09709384,52300000.0
Sony,43000000.0,9300000.0,The Night Before,2015-11-20,25000000.0,27427346.0,1.09709384,101.0,"['Adventure', 'Comedy', 'Fantasy']",6.4,58455,[35],En,9.014,6.1,956.0,2015,1.09709384,52300000.0
Wb (Nl),34600000.0,17100000.0,Hot Pursuit,2015-05-08,35000000.0,10671512.0,0.30490034285714285,87.0,"['Action', 'Comedy', 'Crime']",5.1,44723,"[28, 35, 80]",En,9.607,5.6,1000.0,2015,0.30490034285714285,51700000.0
Wb,32400000.0,16900000.0,Entourage,2015-06-03,30000000.0,16438538.0,0.5479512666666667,104.0,['Comedy'],6.6,71519,[35],En,13.802,6.2,647.0,2015,0.5479512666666667,49300000.0
Lgf,7700000.0,39600000.0,Mortdecai,2015-01-23,60000000.0,-29603866.0,-0.4933977666666667,107.0,"['Action', 'Comedy', 'Crime']",5.5,61366,"[35, 12]",En,13.263,5.4,1666.0,2015,0.4933977666666667,47300000.0
Bv,44500000.0,1200000.0,"Mcfarland, Usa",2015-02-20,17000000.0,28707924.0,1.688701411764706,129.0,"['Biography', 'Drama', 'Sport']",7.4,31735,[18],En,8.197,7.3,358.0,2015,1.688701411764706,45700000.0
Spc,18800000.0,25100000.0,Still Alice,2015-01-16,5000000.0,36699612.0,7.3399224,101.0,['Drama'],7.5,116832,[18],En,10.747,7.5,1946.0,2015,7.3399224,43900000.0
Lgf,34000000.0,9500000.0,The Duff,2015-02-20,8500000.0,35028634.0,4.1210157647058825,101.0,"['Comedy', 'Romance']",6.5,74486,"[10749, 35]",En,9.054,6.8,2987.0,2015,4.1210157647058825,43500000.0
Uni.,1900000.0,41100000.0,Legend,1986-04-18,25000000.0,-1493763.0,-0.05975052,132.0,"['Biography', 'Crime', 'Drama']",7.0,138947,"[12, 14]",En,10.542,6.2,509.0,1986,0.05975052,43000000.0
Uni.,1900000.0,41100000.0,Legend,1986-04-18,25000000.0,-1493763.0,-0.05975052,132.0,"['Biography', 'Crime', 'Drama']",7.0,138947,"[12, 14]",En,10.542,6.2,509.0,1986,0.05975052,43000000.0
Uni.,1900000.0,41100000.0,Legend,1986-04-18,25000000.0,-1493763.0,-0.05975052,132.0,"['Biography', 'Crime', 'Drama']",7.0,138947,"[80, 53]",En,10.195,6.8,1692.0,1986,0.05975052,43000000.0
Uni.,1900000.0,41100000.0,Legend,1986-04-18,25000000.0,-1493763.0,-0.05975052,132.0,"['Biography', 'Crime', 'Drama']",7.0,138947,"[12, 14]",En,10.542,6.2,509.0,1986,0.05975052,43000000.0
Uni.,1900000.0,41100000.0,Legend,1986-04-18,25000000.0,-1493763.0,-0.05975052,132.0,"['Biography', 'Crime', 'Drama']",7.0,138947,"[80, 53]",En,10.195,6.8,1692.0,1986,0.05975052,43000000.0
Uni.,1900000.0,41100000.0,Legend,2015-11-20,25000000.0,17425450.0,0.697018,132.0,"['Biography', 'Crime', 'Drama']",7.0,138947,"[12, 14]",En,10.542,6.2,509.0,2015,0.697018,43000000.0
Uni.,1900000.0,41100000.0,Legend,2015-11-20,25000000.0,17425450.0,0.697018,132.0,"['Biography', 'Crime', 'Drama']",7.0,138947,"[12, 14]",En,10.542,6.2,509.0,2015,0.697018,43000000.0
Uni.,1900000.0,41100000.0,Legend,2015-11-20,25000000.0,17425450.0,0.697018,132.0,"['Biography', 'Crime', 'Drama']",7.0,138947,"[80, 53]",En,10.195,6.8,1692.0,2015,0.697018,43000000.0
Uni.,1900000.0,41100000.0,Legend,2015-11-20,25000000.0,17425450.0,0.697018,132.0,"['Biography', 'Crime', 'Drama']",7.0,138947,"[12, 14]",En,10.542,6.2,509.0,2015,0.697018,43000000.0
Uni.,1900000.0,41100000.0,Legend,2015-11-20,25000000.0,17425450.0,0.697018,132.0,"['Biography', 'Crime', 'Drama']",7.0,138947,"[80, 53]",En,10.195,6.8,1692.0,2015,0.697018,43000000.0
Wb (Nl),22800000.0,20200000.0,The Gallows,2015-07-10,100000.0,41556474.0,415.56474,81.0,"['Horror', 'Mystery', 'Thriller']",4.2,17763,"[27, 53]",En,9.166,4.8,591.0,2015,415.56474,43000000.0
Lgf,26300000.0,16100000.0,Love The Coopers,2015-11-13,18000000.0,24227490.0,1.3459716666666666,107.0,"['Comedy', 'Fantasy', 'Romance']",5.8,18018,"[35, 10751, 18]",En,8.261,5.8,384.0,2015,1.3459716666666666,42400000.0
Spc,10000000.0,31400000.0,The Lady In The Van,2016-01-15,6000000.0,36320503.0,6.053417166666667,104.0,"['Biography', 'Comedy', 'Drama']",6.7,23105,"[35, 18]",En,9.269,6.3,393.0,2016,6.053417166666667,41400000.0
Spc,10000000.0,31400000.0,The Lady In The Van,2016-01-15,6000000.0,36320503.0,6.053417166666667,104.0,"['Biography', 'Comedy', 'Drama']",6.7,23105,"[35, 18]",En,9.269,6.3,393.0,2016,6.053417166666667,41400000.0
Tris,26800000.0,14500000.0,Ricki And The Flash,2015-08-07,18000000.0,23166033.0,1.2870018333333333,101.0,"['Comedy', 'Drama', 'Music']",5.9,20932,"[35, 18, 10402]",En,8.247,5.8,473.0,2015,1.2870018333333333,41300000.0
Wein.,12700000.0,27600000.0,Carol,2015-11-20,11800000.0,31043521.0,2.6308068644067797,118.0,"['Drama', 'Romance']",7.2,100680,"[10749, 18]",En,13.096,7.4,1949.0,2015,2.6308068644067797,40300000.0
Wein.,12700000.0,27600000.0,Carol,2015-11-20,11800000.0,31043521.0,2.6308068644067797,118.0,"['Drama', 'Romance']",7.2,100680,"[10749, 18]",En,13.096,7.4,1949.0,2015,2.6308068644067797,40300000.0
Rela.,25800000.0,12600000.0,The Lazarus Effect,2015-02-27,5000000.0,33359310.0,6.671862,83.0,"['Horror', 'Mystery', 'Sci-Fi']",5.2,37675,[],En,0.6,4.8,3.0,2015,6.671862,38400000.0
Rela.,25800000.0,12600000.0,The Lazarus Effect,2015-02-27,5000000.0,33359310.0,6.671862,83.0,"['Horror', 'Mystery', 'Sci-Fi']",5.2,37675,"[53, 27]",En,10.157,5.1,825.0,2015,6.671862,38400000.0
Wb,4200000.0,34000000.0,The Water Diviner,2015-04-24,22500000.0,8554727.0,0.3802100888888889,111.0,"['Drama', 'History', 'War']",7.1,66595,"[10752, 18]",En,11.479,6.8,682.0,2015,0.3802100888888889,38200000.0
Bg,29500000.0,8000000.0,A Walk In The Woods,2015-09-02,8000000.0,29119358.0,3.63991975,104.0,"['Adventure', 'Biography', 'Comedy']",6.3,22033,"[12, 35, 18]",En,6.935,5.9,402.0,2015,3.63991975,37500000.0
A24,25400000.0,11400000.0,Ex Machina,2015-04-10,13000000.0,25358392.0,1.9506455384615384,108.0,"['Drama', 'Mystery', 'Sci-Fi']",7.7,424542,"[18, 878]",En,18.485,7.6,8026.0,2015,1.9506455384615384,36800000.0
Wein.,13700000.0,23000000.0,Burnt,2015-10-30,20000000.0,16773510.0,0.8386755,101.0,"['Comedy', 'Drama']",6.6,95988,"[18, 35]",En,12.761,6.4,1841.0,2015,0.8386755,36700000.0
Wein.,13700000.0,23000000.0,Burnt,2015-10-30,20000000.0,16773510.0,0.8386755,101.0,"['Comedy', 'Drama']",6.6,95988,"[18, 35]",En,12.761,6.4,1841.0,2015,0.8386755,36700000.0
A24,14700000.0,20700000.0,Room,2015-10-16,13000000.0,23262783.0,1.7894448461538461,118.0,"['Drama', 'Thriller']",8.2,316791,"[18, 53]",En,20.0,8.1,5494.0,2015,1.7894448461538461,35400000.0
A24,14700000.0,20700000.0,Room,2015-10-16,13000000.0,23262783.0,1.7894448461538461,118.0,"['Drama', 'Thriller']",8.2,316791,"[18, 53]",En,20.0,8.1,5494.0,2015,1.7894448461538461,35400000.0
Uni.,17800000.0,16700000.0,Steve Jobs,2015-10-09,30000000.0,5579007.0,0.1859669,122.0,"['Biography', 'Drama']",7.2,138668,"[18, 36]",En,8.895,6.8,2572.0,2015,0.1859669,34500000.0
Uni.,17800000.0,16700000.0,Steve Jobs,2015-10-09,30000000.0,5579007.0,0.1859669,122.0,"['Biography', 'Drama']",7.2,138668,"[18, 36]",En,8.895,6.8,2572.0,2015,0.1859669,34500000.0
Fox,5800000.0,28500000.0,Victor Frankenstein,2015-11-25,40000000.0,-8875633.0,-0.221890825,110.0,"['Drama', 'Horror', 'Sci-Fi']",6.0,47492,"[18, 878, 53]",En,9.061,5.8,1200.0,2015,0.221890825,34300000.0
Fox,5800000.0,28500000.0,Victor Frankenstein,2015-11-25,40000000.0,-8875633.0,-0.221890825,110.0,"['Drama', 'Horror', 'Sci-Fi']",6.0,47492,"[18, 878, 53]",En,9.061,5.8,1200.0,2015,0.221890825,34300000.0
Par.,22300000.0,10900000.0,Project Almanac,2015-01-30,12000000.0,20909437.0,1.7424530833333334,106.0,"['Drama', 'Mystery', 'Sci-Fi']",6.4,71500,"[878, 53]",En,9.55,6.5,1449.0,2015,1.7424530833333334,33200000.0
Focus,12300000.0,18200000.0,Self/Less,2015-07-10,26000000.0,7667319.0,0.2948968846153846,117.0,"['Action', 'Mystery', 'Sci-Fi']",6.5,80743,"[878, 9648, 53]",En,19.131,6.3,1815.0,2015,0.2948968846153846,30500000.0
Lgf,14400000.0,12700000.0,American Ultra,2015-08-21,28000000.0,2295028.0,0.08196528571428571,96.0,"['Action', 'Comedy', 'Sci-Fi']",6.1,76769,"[35, 28]",En,9.97,6.0,1756.0,2015,0.08196528571428571,27100000.0
Sony,21100000.0,5200000.0,Aloha,2015-05-29,37000000.0,-11612909.0,-0.3138624054054054,105.0,"['Comedy', 'Drama', 'Romance']",5.4,54646,"[18, 35, 10749]",En,9.685,5.3,1226.0,2015,0.3138624054054054,26300000.0
Wb,12200000.0,12700000.0,The 33,2015-11-13,25000000.0,3400715.0,0.1360286,127.0,"['Biography', 'Drama', 'History']",6.9,32263,"[18, 36]",En,9.993,6.2,565.0,2015,0.1360286,24900000.0
Orf,10700000.0,13500000.0,The Gunman,2015-03-20,40000000.0,-21405773.0,-0.535144325,115.0,"['Action', 'Crime', 'Drama']",5.8,36053,"[28, 18, 80]",En,10.388,5.7,583.0,2015,0.535144325,24200000.0
Rela.,21600000.0,0.0,Black Or White,2015-01-30,9000000.0,12971021.0,1.4412245555555556,121.0,['Drama'],6.6,10659,[18],En,8.05,6.8,193.0,2015,1.4412245555555556,21600000.0
Rela.,21600000.0,0.0,Black Or White,2015-01-30,9000000.0,12971021.0,1.4412245555555556,121.0,['Drama'],6.6,10659,[18],En,8.05,6.8,193.0,2015,1.4412245555555556,21600000.0
Uni.,8000000.0,11600000.0,Blackhat,2015-01-16,70000000.0,-50334996.0,-0.7190713714285715,133.0,"['Action', 'Crime', 'Thriller']",5.4,48427,"[80, 53, 28]",En,16.824,5.3,1165.0,2015,0.7190713714285715,19600000.0
Orf,17500000.0,480000.0,Dope,2015-06-19,7000000.0,11190831.0,1.598690142857143,103.0,"['Comedy', 'Crime', 'Drama']",7.2,76557,"[80, 18, 35]",En,9.246,7.2,954.0,2015,1.598690142857143,17980000.0
A24,7600000.0,9700000.0,While We'Re Young,2015-03-27,10000000.0,7503828.0,0.7503828,97.0,"['Comedy', 'Drama', 'Mystery']",6.3,41327,"[35, 18, 9648]",En,8.022,5.9,609.0,2015,0.7503828,17300000.0
A24,7600000.0,9700000.0,While We'Re Young,2015-03-27,10000000.0,7503828.0,0.7503828,97.0,"['Comedy', 'Drama', 'Mystery']",6.3,41327,"[35, 18, 9648]",En,8.022,5.9,609.0,2015,0.7503828,17300000.0
Par.,3700000.0,12400000.0,Scouts Guide To The Zombie Apocalypse,2015-10-30,15000000.0,554855.0,0.03699033333333333,93.0,"['Action', 'Comedy', 'Horror']",6.3,40479,"[35, 27]",En,10.451,6.2,915.0,2015,0.03699033333333333,16100000.0
Focus,4700000.0,11300000.0,Suffragette,2015-10-23,14000000.0,20044909.0,1.4317792142857142,106.0,"['Biography', 'Drama', 'History']",6.9,34306,"[18, 36]",En,7.763,7.3,982.0,2015,1.4317792142857142,16000000.0
Rtwc,14700000.0,0.0,It Follows,2015-03-13,2000000.0,21250755.0,10.6253775,100.0,"['Horror', 'Mystery']",6.9,182839,"[27, 53]",En,18.419,6.5,3485.0,2015,10.6253775,14700000.0
Rtwc,14700000.0,0.0,It Follows,2015-03-13,2000000.0,21250755.0,10.6253775,100.0,"['Horror', 'Mystery']",6.9,182839,"[27, 53]",En,18.419,6.5,3485.0,2015,10.6253775,14700000.0
Fox,10200000.0,4200000.0,Unfinished Business,2015-03-06,35000000.0,-21785949.0,-0.6224556857142857,91.0,"['Comedy', 'Drama']",5.4,29004,[35],En,8.516,5.2,472.0,2015,0.6224556857142857,14400000.0
Pfr,13000000.0,1400000.0,Do You Believe?,2015-03-20,2300000.0,12004931.0,5.2195352173913045,120.0,['Drama'],6.1,6462,"[14, 18]",En,5.599,7.0,72.0,2015,5.2195352173913045,14400000.0
Pfr,14400000.0,0.0,Woodlawn,2015-10-16,13000000.0,1403703.0,0.10797715384615385,123.0,"['Drama', 'Sport']",6.5,6070,[18],En,5.575,7.0,79.0,2015,0.10797715384615385,14400000.0
Pfr,14400000.0,0.0,Woodlawn,2015-10-16,13000000.0,1403703.0,0.10797715384615385,123.0,"['Drama', 'Sport']",6.5,6070,[18],En,5.575,7.0,79.0,2015,0.10797715384615385,14400000.0
Par.,12300000.0,767000.0,Hot Tub Time Machine 2,2015-02-20,14000000.0,-1173356.0,-0.08381114285714286,93.0,"['Comedy', 'Mystery', 'Sci-Fi']",5.1,34444,[35],En,8.053,5.1,512.0,2015,0.08381114285714286,13067000.0
Lg/S,1200000.0,11700000.0,Child 44,2015-04-17,50000000.0,-41995779.0,-0.83991558,137.0,"['Crime', 'Drama', 'History']",6.5,59477,"[80, 53]",En,26.386,6.2,903.0,2015,0.83991558,12900000.0
Wb,3600000.0,7500000.0,We Are Your Friends,2015-08-28,2000000.0,8153415.0,4.0767075,96.0,"['Drama', 'Music', 'Romance']",6.2,32327,"[18, 10402, 10749, 35]",En,10.809,6.3,1241.0,2015,4.0767075,11100000.0
Bst,5600000.0,5200000.0,Danny Collins,2015-03-20,10000000.0,-1534155.0,-0.1534155,106.0,"['Biography', 'Comedy', 'Drama']",7.0,27435,"[35, 18, 10402]",En,8.933,6.7,260.0,2015,0.1534155,10800000.0
Wein.,46400.0,9200000.0,Shanghai,2015-10-02,50000000.0,-34494078.0,-0.68988156,120.0,"['Crime', 'Mystery', 'Thriller']",7.2,9047,"[18, 9648, 10749]",En,6.824,6.1,80.0,2015,0.68988156,9246400.0
Foxs,6800000.0,2300000.0,Me And Earl And The Dying Girl,2015-06-12,8000000.0,1266180.0,0.1582725,105.0,"['Comedy', 'Drama', 'Romance']",7.8,112627,"[35, 18]",En,8.677,7.6,1570.0,2015,0.1582725,9100000.0
Eros,8199999.0,0.0,Bajrangi Bhaijaan,2015-07-17,13000000.0,108778347.0,8.367565153846154,163.0,"['Action', 'Comedy', 'Drama']",8.0,63747,"[28, 35, 18]",Hi,7.122,7.9,232.0,2015,8.367565153846154,8199999.0
Bh Tilt,7200000.0,0.0,The Green Inferno,2015-09-25,1000000.0,11931420.0,11.93142,100.0,"['Adventure', 'Horror']",5.3,33239,"[28, 12, 27, 53]",En,13.67,5.2,619.0,2015,11.93142,7200000.0
Bsc,6700000.0,0.0,Baahubali: The Beginning,2015-07-10,40000000.0,-13263335.0,-0.331583375,159.0,"['Action', 'Drama']",8.1,93243,,,,,,2015,0.331583375,6700000.0
Orf,6500000.0,0.0,Little Boy,2015-04-24,20000000.0,-2230701.0,-0.11153505,106.0,"['Drama', 'History', 'War']",7.4,20945,"[35, 18, 10752]",En,5.805,7.0,292.0,2015,0.11153505,6500000.0
Par.,3800000.0,1900000.0,Anomalisa,2015-12-30,8000000.0,-2293832.0,-0.286729,90.0,"['Animation', 'Comedy', 'Drama']",7.3,58010,"[16, 35, 18, 10749]",En,10.285,7.1,927.0,2015,0.286729,5700000.0
Par.,3800000.0,1900000.0,Anomalisa,2015-12-30,8000000.0,-2293832.0,-0.286729,90.0,"['Animation', 'Comedy', 'Drama']",7.3,58010,"[16, 35, 18, 10749]",En,10.285,7.1,927.0,2015,0.286729,5700000.0
Fcw,17500.0,4800000.0,Trash,2015-10-09,12000000.0,-5446814.0,-0.4539011666666667,114.0,"['Adventure', 'Crime', 'Drama']",7.2,18690,[],Es,0.6,3.0,3.0,2015,0.4539011666666667,4817500.0
Fcw,17500.0,4800000.0,Trash,2015-10-09,12000000.0,-5446814.0,-0.4539011666666667,114.0,"['Adventure', 'Crime', 'Drama']",7.2,18690,"[12, 80, 18, 53]",Pt,7.179,7.1,353.0,2015,0.4539011666666667,4817500.0
Rtwc,196000.0,3600000.0,Escobar: Paradise Lost,2015-06-26,17000000.0,-13082321.0,-0.769548294117647,120.0,"['Crime', 'Drama', 'History']",6.5,19419,"[53, 10749]",En,15.924,6.3,476.0,2015,0.769548294117647,3796000.0
Uni.,538000.0,2800000.0,By The Sea,2015-11-13,20000000.0,-16272254.0,-0.8136127,122.0,"['Drama', 'Romance']",5.3,16206,"[18, 10749]",En,6.471,5.4,306.0,2015,0.8136127,3338000.0
Orf,3000000.0,0.0,Rock The Kasbah,2015-10-23,15000000.0,-11613847.0,-0.7742564666666667,106.0,"['Comedy', 'Music', 'War']",5.5,9587,"[35, 10402, 10752]",En,5.203,5.5,154.0,2015,0.7742564666666667,3000000.0
Orf,3000000.0,0.0,Rock The Kasbah,2015-10-23,15000000.0,-11613847.0,-0.7742564666666667,106.0,"['Comedy', 'Music', 'War']",5.5,9587,"[35, 10402, 10752]",En,5.203,5.5,154.0,2015,0.7742564666666667,3000000.0
Foxs,2700000.0,0.0,Youth,2015-12-04,13000000.0,11001573.0,0.8462748461538462,124.0,"['Comedy', 'Drama', 'Music']",7.3,64418,[18],He,1.008,5.3,9.0,2015,0.8462748461538462,2700000.0
Foxs,2700000.0,0.0,Youth,2015-12-04,13000000.0,11001573.0,0.8462748461538462,124.0,"['Comedy', 'Drama', 'Music']",7.3,64418,"[35, 18]",It,9.265,6.9,1098.0,2015,0.8462748461538462,2700000.0
Foxs,2700000.0,0.0,Youth,2015-12-04,13000000.0,11001573.0,0.8462748461538462,124.0,"['Comedy', 'Drama', 'Music']",7.3,64418,"[18, 36]",Zh,5.082,7.7,27.0,2015,0.8462748461538462,2700000.0
Uni.,2200000.0,149000.0,Jem And The Holograms,2015-10-23,5000000.0,-2631063.0,-0.5262126,118.0,"['Adventure', 'Drama', 'Family']",4.1,6683,"[18, 14, 10402]",En,7.942,5.4,241.0,2015,0.5262126,2349000.0
Uni.,2200000.0,149000.0,Jem And The Holograms,2015-10-23,5000000.0,-2631063.0,-0.5262126,118.0,"['Adventure', 'Drama', 'Family']",4.1,6683,"[18, 14, 10402]",En,7.942,5.4,241.0,2015,0.5262126,2349000.0
Spc,1800000.0,0.0,Testament Of Youth,2015-06-05,10000000.0,-3353331.0,-0.3353331,129.0,"['Biography', 'Drama', 'History']",7.3,23632,"[36, 18, 10752]",En,9.251,7.4,486.0,2015,0.3353331,1800000.0
Lgf,1800000.0,0.0,The Vatican Tapes,2015-07-24,13000000.0,1929184.0,0.14839876923076922,91.0,"['Horror', 'Thriller']",5.0,14822,"[53, 27]",En,7.841,4.6,365.0,2015,0.14839876923076922,1800000.0
Spc,1500000.0,0.0,The Diary Of A Teenage Girl,2015-08-07,2000000.0,279959.0,0.1399795,102.0,"['Comedy', 'Drama', 'Romance']",6.9,27003,"[18, 10749]",En,9.382,6.7,460.0,2015,0.1399795,1500000.0
Cohen,845000.0,0.0,Mustang,2015-11-20,1400000.0,4152584.0,2.9661314285714284,97.0,['Drama'],7.6,30899,[18],Tr,7.459,8.0,755.0,2015,2.9661314285714284,845000.0
Ifc,673000.0,102000.0,The D Train,2015-05-08,3000000.0,-2227634.0,-0.7425446666666666,101.0,"['Comedy', 'Drama']",5.0,10066,"[18, 10751]",Xx,0.6,6.0,2.0,2015,0.7425446666666666,775000.0
Ifc,673000.0,102000.0,The D Train,2015-05-08,3000000.0,-2227634.0,-0.7425446666666666,101.0,"['Comedy', 'Drama']",5.0,10066,"[18, 35]",En,6.465,4.6,125.0,2015,0.7425446666666666,775000.0
Lgf,573000.0,0.0,Freeheld,2015-10-02,7000000.0,-5267772.0,-0.7525388571428572,103.0,"['Biography', 'Drama', 'Romance']",6.5,10534,"[10749, 18]",En,7.313,7.3,360.0,2015,0.7525388571428572,573000.0
Ratt.,187000.0,0.0,Maggie,2015-05-08,4500000.0,-3472240.0,-0.7716088888888889,95.0,"['Drama', 'Horror']",5.6,38671,"[27, 18, 9648]",En,13.0,5.3,958.0,2015,0.7716088888888889,187000.0
Rela.,155000.0,0.0,Desert Dancer,2015-04-10,4000000.0,-3403665.0,-0.85091625,104.0,"['Biography', 'Drama', 'Music']",6.2,1653,[18],En,1.508,6.9,33.0,2015,0.85091625,155000.0
Ifc,143000.0,0.0,Manglehorn,2015-06-19,4000000.0,-3202561.0,-0.80064025,97.0,['Drama'],5.6,6564,[18],En,7.661,5.4,94.0,2015,0.80064025,143000.0
Bg,65500.0,0.0,Eden,2016-01-19,2300000.0,-2300000.0,-1.0,98.0,"['Crime', 'Drama']",6.7,7709,[18],En,6.877,6.8,100.0,2016,1.0,65500.0
Bg,65500.0,0.0,Eden,2016-01-19,2300000.0,-2300000.0,-1.0,98.0,"['Crime', 'Drama']",6.7,7709,"[18, 10402]",En,5.373,5.8,57.0,2016,1.0,65500.0
Bg,65500.0,0.0,Eden,2016-01-19,2300000.0,-2300000.0,-1.0,98.0,"['Crime', 'Drama']",6.7,7709,[],En,0.6,5.0,2.0,2016,1.0,65500.0
Bg,65500.0,0.0,Eden,2016-01-19,2300000.0,-2300000.0,-1.0,98.0,"['Crime', 'Drama']",6.7,7709,"[18, 10402]",En,5.373,5.8,57.0,2016,1.0,65500.0
Bg,65500.0,0.0,Eden,2016-01-19,2300000.0,-2300000.0,-1.0,98.0,"['Crime', 'Drama']",6.7,7709,"[53, 18]",En,3.061,5.4,29.0,2016,1.0,65500.0
Bg,65500.0,0.0,Eden,2016-01-19,2300000.0,-2300000.0,-1.0,98.0,"['Crime', 'Drama']",6.7,7709,"[18, 10402]",En,5.373,5.8,57.0,2016,1.0,65500.0
Bg,65500.0,0.0,Eden,2016-01-19,2300000.0,-2300000.0,-1.0,98.0,"['Crime', 'Drama']",6.7,7709,[],En,0.6,0.0,1.0,2016,1.0,65500.0
Rtwc,37200.0,0.0,Before We Go,2015-09-04,3000000.0,-2516062.0,-0.8386873333333333,95.0,"['Comedy', 'Drama', 'Romance']",6.8,45181,"[18, 10749, 35]",En,8.233,6.5,985.0,2015,0.8386873333333333,37200.0
Lgp,36300.0,0.0,Knock Knock,2015-10-09,2000000.0,4328516.0,2.164258,99.0,"['Drama', 'Thriller']",4.9,68328,"[18, 53]",En,17.867,5.0,1490.0,2015,2.164258,36300.0
Tfa,32299.0,0.0,Song One,2015-01-23,6000000.0,-5562911.0,-0.9271518333333333,86.0,"['Drama', 'Music']",5.8,8559,[18],En,6.206,5.6,126.0,2015,0.9271518333333333,32299.0
Tfa,32299.0,0.0,Song One,2015-01-23,6000000.0,-5562911.0,-0.9271518333333333,86.0,"['Drama', 'Music']",5.8,8559,[18],En,6.206,5.6,126.0,2015,0.9271518333333333,32299.0
Alc,17500.0,0.0,Strangerland,2015-07-10,10000000.0,-9838903.0,-0.9838903,112.0,"['Drama', 'Mystery', 'Thriller']",5.2,7999,"[18, 53, 9648]",En,5.91,5.2,135.0,2015,0.9838903,17500.0
Magn.,1200.0,0.0,Skin Trade,2015-05-08,9000000.0,-8998758.0,-0.999862,96.0,"['Action', 'Crime', 'Thriller']",5.7,6942,"[53, 28, 18]",En,9.362,5.6,96.0,2015,0.999862,1200.0
Bv,408100000.0,745200000.0,Captain America: Civil War,2016-05-06,250000000.0,890069413.0,3.560277652,147.0,"['Action', 'Adventure', 'Sci-Fi']",7.8,583507,"[12, 28, 878]",En,39.137,7.4,14000.0,2016,3.560277652,1153300000.0
Bv,532200000.0,523900000.0,Rogue One: A Star Wars Story,2016-12-16,200000000.0,849102856.0,4.24551428,133.0,"['Action', 'Adventure', 'Sci-Fi']",7.8,478592,"[28, 12, 878]",En,21.401,7.5,9296.0,2016,4.24551428,1056100000.0
Bv,532200000.0,523900000.0,Rogue One: A Star Wars Story,2016-12-16,200000000.0,849102856.0,4.24551428,133.0,"['Action', 'Adventure', 'Sci-Fi']",7.8,478592,"[28, 12, 878]",En,21.401,7.5,9296.0,2016,4.24551428,1056100000.0
Bv,486300000.0,542300000.0,Finding Dory,2016-06-17,200000000.0,821215193.0,4.106075965,97.0,"['Adventure', 'Animation', 'Comedy']",7.3,213542,"[12, 16, 35, 10751]",En,15.393,7.0,7845.0,2016,4.106075965,1028600000.0
Bv,341300000.0,682500000.0,Zootopia,2016-03-04,150000000.0,869429616.0,5.79619744,108.0,"['Adventure', 'Animation', 'Comedy']",8.0,383446,"[16, 12, 10751, 35]",En,27.549,7.7,9977.0,2016,5.79619744,1023800000.0
Uni.,368400000.0,507100000.0,The Secret Life Of Pets,2016-07-08,75000000.0,811750534.0,10.823340453333333,87.0,"['Adventure', 'Animation', 'Comedy']",6.5,161997,"[12, 35, 16, 10751]",En,9.909,6.1,5374.0,2016,10.823340453333333,875500000.0
Wb,330400000.0,543300000.0,Batman V Superman: Dawn Of Justice,2016-03-25,250000000.0,617500281.0,2.470001124,151.0,"['Action', 'Adventure', 'Fantasy']",6.5,576909,"[28, 12, 14]",En,28.088,5.8,11991.0,2016,2.470001124,873700000.0
Wb,234000000.0,580000000.0,Fantastic Beasts And Where To Find Them,2016-11-18,180000000.0,622402853.0,3.457793627777778,132.0,"['Adventure', 'Family', 'Fantasy']",7.3,365353,"[12, 10751, 14]",En,28.563,7.4,12152.0,2016,3.457793627777778,814000000.0
Wb,234000000.0,580000000.0,Fantastic Beasts And Where To Find Them,2016-11-18,180000000.0,622402853.0,3.457793627777778,132.0,"['Adventure', 'Family', 'Fantasy']",7.3,365353,"[12, 10751, 14]",En,28.563,7.4,12152.0,2016,3.457793627777778,814000000.0
Fox,363100000.0,420000000.0,Deadpool,2016-02-12,58000000.0,743025593.0,12.810786086206896,108.0,"['Action', 'Adventure', 'Comedy']",8.0,820847,"[28, 12, 35]",En,35.067,7.6,20175.0,2016,12.810786086206896,783100000.0
Wb,325100000.0,421700000.0,Suicide Squad,2016-08-05,175000000.0,571059887.0,3.2631993542857143,123.0,"['Action', 'Adventure', 'Fantasy']",6.0,533039,"[28, 12, 80, 14, 878]",En,16.53,5.9,13533.0,2016,3.2631993542857143,746800000.0
Bv,232600000.0,445100000.0,Doctor Strange,2016-11-04,165000000.0,511404566.0,3.099421612121212,115.0,"['Action', 'Adventure', 'Fantasy']",7.5,514510,"[28, 12, 14, 878]",En,33.035,7.3,12582.0,2016,3.099421612121212,677700000.0
Bv,232600000.0,445100000.0,Doctor Strange,2016-11-04,165000000.0,511404566.0,3.099421612121212,115.0,"['Action', 'Adventure', 'Fantasy']",7.5,514510,"[28, 12, 14, 878]",En,33.035,7.3,12582.0,2016,3.099421612121212,677700000.0
Bv,248800000.0,394600000.0,Moana,2016-11-23,150000000.0,487517365.0,3.2501157666666667,107.0,"['Adventure', 'Animation', 'Comedy']",7.6,224253,[99],En,1.96,6.5,16.0,2016,3.2501157666666667,643400000.0
Bv,248800000.0,394600000.0,Moana,2016-11-23,150000000.0,487517365.0,3.2501157666666667,107.0,"['Adventure', 'Animation', 'Comedy']",7.6,224253,"[12, 35, 10751, 16]",En,4.419,7.5,6907.0,2016,3.2501157666666667,643400000.0
Bv,248800000.0,394600000.0,Moana,2016-11-23,150000000.0,487517365.0,3.2501157666666667,107.0,"['Adventure', 'Animation', 'Comedy']",7.6,224253,"[12, 35, 10751, 16]",En,4.419,7.5,6907.0,2016,3.2501157666666667,643400000.0
Uni.,270400000.0,363800000.0,Sing,2016-12-21,75000000.0,559454789.0,7.459397186666667,108.0,"['Animation', 'Comedy', 'Family']",7.1,115951,"[16, 35, 18, 10751]",En,17.572,6.9,4303.0,2016,7.459397186666667,634200000.0
Uni.,270400000.0,363800000.0,Sing,2016-12-21,75000000.0,559454789.0,7.459397186666667,108.0,"['Animation', 'Comedy', 'Family']",7.1,115951,"[16, 35, 18, 10751]",En,17.572,6.9,4303.0,2016,7.459397186666667,634200000.0
Fox,155400000.0,388500000.0,X-Men: Apocalypse,2016-05-27,178000000.0,364537546.0,2.047963741573034,144.0,"['Action', 'Adventure', 'Sci-Fi']",7.0,356556,"[28, 12, 878, 14]",En,39.293,6.5,8348.0,2016,2.047963741573034,543900000.0
Fox,143500000.0,377600000.0,Kung Fu Panda 3,2016-01-29,140000000.0,377599142.0,2.6971367285714285,95.0,"['Action', 'Adventure', 'Animation']",7.1,116166,"[28, 12, 16, 35, 10751]",En,16.248,6.7,2944.0,2016,2.6971367285714285,521100000.0
Lg/S,151100000.0,295000000.0,La La Land,2016-12-09,20000000.0,406351163.0,20.31755815,128.0,"['Comedy', 'Drama', 'Music']",8.0,436070,"[35, 18, 10749]",En,16.275,7.9,10028.0,2016,20.31755815,446100000.0
Lg/S,151100000.0,295000000.0,La La Land,2016-12-09,20000000.0,406351163.0,20.31755815,128.0,"['Comedy', 'Drama', 'Music']",8.0,436070,"[35, 18, 10749]",En,16.275,7.9,10028.0,2016,20.31755815,446100000.0
Uni.,47400000.0,386300000.0,Warcraft,2016-06-10,160000000.0,265522281.0,1.65951425625,123.0,"['Action', 'Adventure', 'Fantasy']",6.9,225557,"[28, 12, 14]",En,21.464,6.3,4071.0,2016,1.65951425625,433700000.0
Uni.,162400000.0,253100000.0,Jason Bourne,2016-07-29,120000000.0,296168316.0,2.4680693,123.0,"['Action', 'Thriller']",6.6,190596,"[28, 53]",En,14.568,6.1,3611.0,2016,2.4680693,415500000.0
Fox,64099999.0,344500000.0,Ice Age: Collision Course,2016-07-22,105000000.0,297156682.0,2.830063638095238,94.0,"['Adventure', 'Animation', 'Comedy']",5.7,48932,"[12, 16, 10751, 35]",En,18.233,5.9,2430.0,2016,2.830063638095238,408599999.0
Fox,103100000.0,286500000.0,Independence Day: Resurgence,2016-06-24,165000000.0,219169424.0,1.3282995393939394,120.0,"['Action', 'Adventure', 'Sci-Fi']",5.2,155344,"[28, 12, 878]",En,15.732,5.1,3911.0,2016,1.3282995393939394,389600000.0
Wb,126600000.0,230100000.0,The Legend Of Tarzan,2016-07-01,180000000.0,168902025.0,0.9383445833333334,110.0,"['Action', 'Adventure', 'Drama']",6.3,150154,"[28, 12]",En,14.797,5.8,4102.0,2016,0.9383445833333334,356700000.0
Sony,107500000.0,244800000.0,The Angry Birds Movie,2016-05-20,73000000.0,279327887.0,3.826409410958904,97.0,"['Action', 'Animation', 'Comedy']",6.3,69624,"[16, 12, 35]",En,17.998,6.0,1851.0,2016,3.826409410958904,352300000.0
Fox,153700000.0,193200000.0,Trolls,2016-11-04,125000000.0,219150134.0,1.753201072,92.0,"['Adventure', 'Animation', 'Comedy']",6.5,63295,"[12, 10751, 35, 14, 10402, 16]",En,16.286,6.6,1880.0,2016,1.753201072,346900000.0
Fox,153700000.0,193200000.0,Trolls,2016-11-04,125000000.0,219150134.0,1.753201072,92.0,"['Adventure', 'Animation', 'Comedy']",6.5,63295,"[12, 10751, 35, 14, 10402, 16]",En,16.286,6.6,1880.0,2016,1.753201072,346900000.0
Par.,158800000.0,184600000.0,Star Trek Beyond,2016-07-22,185000000.0,150802233.0,0.8151472054054054,122.0,"['Action', 'Adventure', 'Sci-Fi']",7.1,209844,"[28, 12, 878]",En,19.142,6.7,4275.0,2016,0.8151472054054054,343400000.0
Lg/S,65099999.0,269800000.0,Now You See Me 2,2016-06-10,90000000.0,238325007.0,2.648055633333333,129.0,"['Action', 'Adventure', 'Comedy']",6.5,216219,"[28, 35, 53]",En,25.805,6.8,6744.0,2016,2.648055633333333,334899999.0
Utv,12400000.0,290500000.0,Dangal,2016-12-21,9500000.0,285154618.0,30.01627557894737,161.0,"['Action', 'Biography', 'Drama']",8.5,123638,"[18, 28]",Hi,10.022,8.1,358.0,2016,30.01627557894737,302900000.0
Bv,77000000.0,222400000.0,Alice Through The Looking Glass,2016-05-27,170000000.0,106928112.0,0.628988894117647,113.0,"['Adventure', 'Family', 'Fantasy']",6.2,79951,"[12, 10751, 14]",En,16.642,6.5,3803.0,2016,0.628988894117647,299400000.0
Par.,82100000.0,163600000.0,Teenage Mutant Ninja Turtles: Out Of The Shadows,2016-06-03,135000000.0,110328374.0,0.8172472148148148,112.0,"['Action', 'Adventure', 'Comedy']",6.0,77234,"[28, 12, 35, 10751, 878]",En,15.096,5.9,1860.0,2016,0.8172472148148148,245700000.0
Wb,125100000.0,115700000.0,Sully,2016-09-09,60000000.0,178524556.0,2.9754092666666665,96.0,"['Biography', 'Drama']",7.5,202718,"[18, 36]",En,18.148,7.1,3924.0,2016,2.9754092666666665,240800000.0
Fox,169600000.0,66300000.0,Hidden Figures,2016-12-25,25000000.0,206771716.0,8.27086864,127.0,"['Biography', 'Drama', 'History']",7.8,171131,"[18, 36]",En,14.751,8.0,4710.0,2016,8.27086864,235900000.0
Fox,169600000.0,66300000.0,Hidden Figures,2016-12-25,25000000.0,206771716.0,8.27086864,127.0,"['Biography', 'Drama', 'History']",7.8,171131,"[18, 36]",En,14.751,8.0,4710.0,2016,8.27086864,235900000.0
Sony,34300000.0,185700000.0,Inferno,2016-10-28,75000000.0,144519367.0,1.9269248933333334,121.0,"['Action', 'Adventure', 'Crime']",6.2,138978,"[9648, 53, 18]",En,17.41,5.9,3877.0,2016,1.9269248933333334,220000000.0
Sony,34300000.0,185700000.0,Inferno,2016-10-28,75000000.0,144519367.0,1.9269248933333334,121.0,"['Action', 'Adventure', 'Crime']",6.2,138978,"[9648, 53, 18]",En,17.41,5.9,3877.0,2016,1.9269248933333334,220000000.0
Wb (Nl),127400000.0,89500000.0,Central Intelligence,2016-06-17,50000000.0,167194805.0,3.3438961,107.0,"['Action', 'Comedy', 'Crime']",6.3,138872,"[28, 35, 9648]",En,14.478,6.3,3133.0,2016,3.3438961,216900000.0
Wb (Nl),56200000.0,152100000.0,Me Before You,2016-06-03,20000000.0,188265198.0,9.4132599,106.0,"['Drama', 'Romance']",7.4,174567,"[18, 10749]",En,16.917,7.7,5939.0,2016,9.4132599,208300000.0
Focus,62500000.0,143200000.0,London Has Fallen,2016-03-04,60000000.0,135194085.0,2.25323475,99.0,"['Action', 'Thriller']",5.9,124757,"[28, 53]",En,15.287,5.9,2591.0,2016,2.25323475,205700000.0
Par.,100500000.0,102800000.0,Arrival,2016-11-11,47000000.0,156127894.0,3.321870085106383,116.0,"['Drama', 'Mystery', 'Sci-Fi']",7.9,515483,"[18, 878, 9648]",En,25.442,7.4,10387.0,2016,3.321870085106383,203300000.0
Par.,100500000.0,102800000.0,Arrival,2016-11-11,47000000.0,156127894.0,3.321870085106383,116.0,"['Drama', 'Mystery', 'Sci-Fi']",7.9,515483,"[18, 878, 9648]",En,25.442,7.4,10387.0,2016,3.321870085106383,203300000.0
Stx,113300000.0,70700000.0,Bad Moms,2016-07-29,20000000.0,160998716.0,8.0499358,100.0,['Comedy'],6.2,100952,[35],En,14.332,6.5,2600.0,2016,8.0499358,184000000.0
Wb,72700000.0,110700000.0,Storks,2016-09-23,70000000.0,113353431.0,1.6193347285714286,87.0,"['Adventure', 'Animation', 'Comedy']",6.8,50448,"[12, 16, 35, 10751]",En,12.101,6.5,1308.0,2016,1.6193347285714286,183400000.0
Bv,55500000.0,127900000.0,The Bfg,2016-07-01,140000000.0,59646680.0,0.4260477142857143,117.0,"['Adventure', 'Family', 'Fantasy']",6.4,69340,"[12, 10751, 14]",En,20.08,6.2,1916.0,2016,0.4260477142857143,183400000.0
Lgf,67200000.0,108100000.0,Hacksaw Ridge,2016-11-04,40000000.0,128904682.0,3.22261705,139.0,"['Biography', 'Drama', 'History']",8.1,366904,"[18, 36, 10752]",En,24.074,8.1,6608.0,2016,3.22261705,175300000.0
Lgf,67200000.0,108100000.0,Hacksaw Ridge,2016-11-04,40000000.0,128904682.0,3.22261705,139.0,"['Biography', 'Drama', 'History']",8.1,366904,"[18, 36, 10752]",En,24.074,8.1,6608.0,2016,3.22261705,175300000.0
Par.,58700000.0,103400000.0,Jack Reacher: Never Go Back,2016-10-21,60000000.0,99946489.0,1.6657748166666666,118.0,"['Action', 'Thriller']",6.1,121892,"[28, 53]",En,17.085,5.6,2831.0,2016,1.6657748166666666,162100000.0
Par.,58700000.0,103400000.0,Jack Reacher: Never Go Back,2016-10-21,60000000.0,99946489.0,1.6657748166666666,118.0,"['Action', 'Thriller']",6.1,121892,"[28, 53]",En,17.085,5.6,2831.0,2016,1.6657748166666666,162100000.0
Wb,86300000.0,68900000.0,The Accountant,2016-10-14,40000000.0,112962083.0,2.824052075,128.0,"['Action', 'Crime', 'Drama']",7.3,233022,"[80, 53, 18]",En,13.81,6.9,3407.0,2016,2.824052075,155200000.0
Wb,86300000.0,68900000.0,The Accountant,2016-10-14,40000000.0,112962083.0,2.824052075,128.0,"['Action', 'Crime', 'Drama']",7.3,233022,"[80, 53, 18]",En,13.81,6.9,3407.0,2016,2.824052075,155200000.0
Lg/S,31200000.0,119500000.0,Gods Of Egypt,2016-02-26,140000000.0,-1163244.0,-0.008308885714285714,127.0,"['Action', 'Adventure', 'Fantasy']",5.4,95111,"[28, 12, 14, 878]",En,18.517,5.4,2353.0,2016,0.008308885714285714,150700000.0
Wb (Nl),67300000.0,81600000.0,Lights Out,2016-07-22,5000000.0,143806510.0,28.761302,81.0,"['Drama', 'Horror', 'Mystery']",6.3,100650,"[53, 9648, 27]",En,12.408,6.3,2220.0,2016,28.761302,148900000.0
Sony,97700000.0,43000000.0,Sausage Party,2016-08-12,19000000.0,122344255.0,6.439171315789474,89.0,"['Adventure', 'Animation', 'Comedy']",6.2,159111,"[12, 16, 35, 14]",En,15.232,5.6,4237.0,2016,6.439171315789474,140700000.0
Wein.,51700000.0,88600000.0,Lion,2016-11-25,12000000.0,137570720.0,11.464226666666667,118.0,"['Biography', 'Drama']",8.1,181601,[18],En,17.216,8.1,3833.0,2016,11.464226666666667,140300000.0
Wein.,51700000.0,88600000.0,Lion,2016-11-25,12000000.0,137570720.0,11.464226666666667,118.0,"['Biography', 'Drama']",8.1,181601,[18],En,17.216,8.1,3833.0,2016,11.464226666666667,140300000.0
Lg/S,21200000.0,104500000.0,Mechanic: Resurrection,2016-08-26,40000000.0,69738840.0,1.743471,98.0,"['Action', 'Adventure', 'Thriller']",5.7,67275,"[28, 80, 53]",En,16.302,5.6,1929.0,2016,1.743471,125700000.0
Uni.,91200000.0,33400000.0,Ride Along 2,2016-01-15,40000000.0,84827316.0,2.1206829,102.0,"['Action', 'Comedy', 'Crime']",5.9,48688,"[28, 35]",En,12.977,6.2,939.0,2016,2.1206829,124600000.0
Lg/S,61400000.0,60400000.0,Deepwater Horizon,2016-09-30,156000000.0,-33396176.0,-0.2140780512820513,107.0,"['Action', 'Drama', 'History']",7.1,133303,"[18, 28]",En,13.685,6.7,2606.0,2016,0.2140780512820513,121800000.0
Lg/S,61400000.0,60400000.0,Deepwater Horizon,2016-09-30,156000000.0,-33396176.0,-0.2140780512820513,107.0,"['Action', 'Drama', 'History']",7.1,133303,"[18, 28]",En,13.685,6.7,2606.0,2016,0.2140780512820513,121800000.0
Par.,40100000.0,79400000.0,Allied,2016-11-23,106000000.0,13266661.0,0.12515717924528302,124.0,"['Action', 'Drama', 'Romance']",7.1,125741,"[28, 18, 10752, 10749, 53]",En,19.611,6.7,2765.0,2016,0.12515717924528302,119500000.0
Par.,40100000.0,79400000.0,Allied,2016-11-23,106000000.0,13266661.0,0.12515717924528302,124.0,"['Action', 'Drama', 'Romance']",7.1,125741,"[28, 18, 10752, 10749, 53]",En,19.611,6.7,2765.0,2016,0.12515717924528302,119500000.0
Sony,55100000.0,64000000.0,The Shallows,2016-06-24,13000000.0,105763442.0,8.135649384615384,86.0,"['Drama', 'Horror', 'Thriller']",6.3,106927,"[27, 18, 53]",En,14.091,6.3,3037.0,2016,8.135649384615384,119100000.0
Uni.,79200000.0,39400000.0,The Purge: Election Year,2016-07-01,10000000.0,108514727.0,10.8514727,108.0,"['Action', 'Horror', 'Sci-Fi']",6.0,80254,"[28, 27, 53]",En,18.975,6.3,2900.0,2016,10.8514727,118600000.0
Fox,60300000.0,57800000.0,Why Him?,2016-12-23,38000000.0,79425156.0,2.0901356842105265,111.0,['Comedy'],6.2,89628,[35],En,15.044,6.2,2494.0,2016,2.0901356842105265,118100000.0
Fox,60300000.0,57800000.0,Why Him?,2016-12-23,38000000.0,79425156.0,2.0901356842105265,111.0,['Comedy'],6.2,89628,[35],En,15.044,6.2,2494.0,2016,2.0901356842105265,118100000.0
Par.,54800000.0,59700000.0,Office Christmas Party,2016-12-09,45000000.0,46323299.0,1.0294066444444445,105.0,['Comedy'],5.8,59253,[35],En,10.729,5.6,1191.0,2016,1.0294066444444445,114500000.0
Wb (Nl),46800000.0,65500000.0,How To Be Single,2016-02-12,37000000.0,63003780.0,1.7028048648648648,110.0,"['Comedy', 'Drama', 'Romance']",6.1,74329,"[35, 10749]",En,10.271,6.1,2036.0,2016,1.7028048648648648,112300000.0
Par.,72100000.0,38100000.0,10 Cloverfield Lane,2016-03-11,5000000.0,103286422.0,20.6572844,103.0,"['Drama', 'Horror', 'Mystery']",7.2,260383,"[53, 878, 18]",En,17.892,6.9,4629.0,2016,20.6572844,110200000.0
Sony,34900000.0,75000000.0,The 5Th Wave,2016-01-22,38000000.0,73336398.0,1.9299052105263157,112.0,"['Action', 'Adventure', 'Drama']",5.2,90788,"[12, 878]",En,12.967,5.8,3657.0,2016,1.9299052105263157,109900000.0
Uni.,55500000.0,52600000.0,Neighbors 2: Sorority Rising,2016-05-20,35000000.0,73757621.0,2.1073606,92.0,['Comedy'],5.7,102793,[35],En,17.662,5.7,2829.0,2016,2.1073606,108100000.0
Eone,1300000.0,96200000.0,The Little Prince,2016-02-12,77500000.0,24528919.0,0.3165021806451613,108.0,"['Adventure', 'Animation', 'Drama']",7.7,50015,"[12, 16, 14, 10751]",En,8.512,7.6,1493.0,2016,0.3165021806451613,97500000.0
Lgf,35600000.0,58500000.0,Dirty Grandpa,2016-01-22,11500000.0,93578449.0,8.137256434782609,102.0,['Comedy'],5.9,101393,[35],En,11.432,5.8,2667.0,2016,8.137256434782609,94100000.0
Tris,41000000.0,52300000.0,Money Monster,2016-05-13,27000000.0,66466095.0,2.461707222222222,98.0,"['Crime', 'Drama', 'Thriller']",6.5,86607,"[53, 18]",En,11.134,6.4,1859.0,2016,2.461707222222222,93300000.0
Uni.,59700000.0,29200000.0,My Big Fat Greek Wedding 2,2016-03-25,18000000.0,74096558.0,4.116475444444444,94.0,"['Comedy', 'Romance']",6.0,25933,"[10749, 35, 10751]",En,6.714,5.8,593.0,2016,4.116475444444444,88900000.0
Wb (Nl),31000000.0,57500000.0,Collateral Beauty,2016-12-16,36000000.0,49309093.0,1.3696970277777778,97.0,"['Drama', 'Romance']",6.8,78764,"[18, 10749]",En,12.857,7.2,3270.0,2016,1.3696970277777778,88500000.0
Wb (Nl),31000000.0,57500000.0,Collateral Beauty,2016-12-16,36000000.0,49309093.0,1.3696970277777778,97.0,"['Drama', 'Romance']",6.8,78764,"[18, 10749]",En,12.857,7.2,3270.0,2016,1.3696970277777778,88500000.0
Yash,6200000.0,81100000.0,Sultan,2016-07-06,11000000.0,61989781.0,5.6354346363636365,170.0,"['Action', 'Drama', 'Sport']",7.1,33371,,,,,,2016,5.6354346363636365,87300000.0
Wb,43000000.0,43200000.0,War Dogs,2016-08-19,50000000.0,36234503.0,0.72469006,114.0,"['Comedy', 'Crime', 'Drama']",7.1,154029,"[35, 80, 18]",En,10.654,6.8,2387.0,2016,0.72469006,86200000.0
Lgf,38600000.0,46700000.0,Nerve,2016-07-27,20000000.0,50652284.0,2.5326142,96.0,"['Action', 'Adventure', 'Crime']",6.5,102782,"[35, 18]",En,0.6,10.0,1.0,2016,2.5326142,85300000.0
Lgf,38600000.0,46700000.0,Nerve,2016-07-27,20000000.0,50652284.0,2.5326142,96.0,"['Action', 'Adventure', 'Crime']",6.5,102782,"[35, 18]",En,0.6,10.0,1.0,2016,2.5326142,85300000.0
Lgf,38600000.0,46700000.0,Nerve,2016-07-27,20000000.0,50652284.0,2.5326142,96.0,"['Action', 'Adventure', 'Crime']",6.5,102782,"[9648, 12, 80]",En,14.508,7.1,4590.0,2016,2.5326142,85300000.0
Uni.,35100000.0,46600000.0,Ouija: Origin Of Evil,2016-10-21,9000000.0,72831866.0,8.092429555555556,99.0,"['Drama', 'Horror', 'Mystery']",6.1,47099,"[27, 53]",En,11.823,6.0,1416.0,2016,8.092429555555556,81700000.0
Uni.,35100000.0,46600000.0,Ouija: Origin Of Evil,2016-10-21,9000000.0,72831866.0,8.092429555555556,99.0,"['Drama', 'Horror', 'Mystery']",6.1,47099,"[27, 53]",En,11.823,6.0,1416.0,2016,8.092429555555556,81700000.0
Ratt.,47700000.0,31300000.0,Manchester By The Sea,2016-11-18,8500000.0,69233867.0,8.145160823529412,137.0,['Drama'],7.8,214557,[18],En,16.638,7.5,3176.0,2016,8.145160823529412,79000000.0
Ratt.,47700000.0,31300000.0,Manchester By The Sea,2016-11-18,8500000.0,69233867.0,8.145160823529412,137.0,['Drama'],7.8,214557,[18],En,16.638,7.5,3176.0,2016,8.145160823529412,79000000.0
Uni.,63300000.0,15600000.0,The Boss,2016-04-08,29000000.0,49652207.0,1.7121450689655173,99.0,['Comedy'],5.4,39096,[35],En,11.442,5.8,822.0,2016,1.7121450689655173,78900000.0
Fox,46000000.0,31100000.0,Mike And Dave Need Wedding Dates,2016-07-08,33000000.0,42898100.0,1.2999424242424242,98.0,"['Adventure', 'Comedy', 'Romance']",6.0,74849,[35],En,11.676,6.0,1552.0,2016,1.2999424242424242,77100000.0
Tris,61700000.0,12200000.0,Miracles From Heaven,2016-03-16,13000000.0,60798736.0,4.6768258461538466,109.0,"['Biography', 'Drama', 'Family']",7.1,17734,[18],En,10.078,7.1,478.0,2016,4.6768258461538466,73900000.0
Focus,48000000.0,21900000.0,Kubo And The Two Strings,2016-08-19,55000000.0,22548122.0,0.40996585454545453,101.0,"['Action', 'Adventure', 'Animation']",7.8,105578,"[16, 12, 10751]",En,13.847,7.7,2029.0,2016,0.40996585454545453,69900000.0
Par.,57700000.0,6700000.0,Fences,2016-12-16,24000000.0,40282881.0,1.678453375,139.0,['Drama'],7.2,86749,[18],En,12.753,6.8,1465.0,2016,1.678453375,64400000.0
Par.,57700000.0,6700000.0,Fences,2016-12-16,24000000.0,40282881.0,1.678453375,139.0,['Drama'],7.2,86749,[18],En,12.753,6.8,1465.0,2016,1.678453375,64400000.0
Uni.,30500000.0,33100000.0,"Hail, Caesar!",2016-02-05,22000000.0,42160680.0,1.9163945454545455,106.0,"['Comedy', 'Drama', 'Music']",6.3,111422,"[35, 18, 9648]",En,12.312,5.9,2328.0,2016,1.9163945454545455,63600000.0
Wb,36300000.0,26500000.0,The Nice Guys,2016-05-20,50000000.0,9596747.0,0.19193494,116.0,"['Action', 'Comedy', 'Crime']",7.4,240337,"[35, 80, 9648]",En,13.743,7.1,4272.0,2016,0.19193494,62800000.0
Par.,28800000.0,27900000.0,Zoolander 2,2016-02-12,50000000.0,5348693.0,0.10697386,101.0,['Comedy'],4.7,59914,[35],En,12.997,4.7,1374.0,2016,0.10697386,56700000.0
Wb (Nl),54000000.0,1000000.0,Barbershop: The Next Cut,2016-04-15,20000000.0,34404202.0,1.7202101,111.0,"['Comedy', 'Drama']",5.9,13306,[35],En,12.846,6.0,248.0,2016,1.7202101,55000000.0
Bv,27600000.0,24500000.0,The Finest Hours,2016-01-29,70000000.0,-20747239.0,-0.2963891285714286,117.0,"['Action', 'Drama', 'History']",6.8,55981,"[28, 18, 36, 53]",En,12.673,6.4,943.0,2016,0.2963891285714286,52100000.0
Lgf,31900000.0,18700000.0,Patriots Day,2016-12-21,40000000.0,12837989.0,0.320949725,133.0,"['Action', 'Crime', 'Drama']",7.4,76204,"[28, 18, 53, 80, 36]",En,15.435,6.9,1337.0,2016,0.320949725,50600000.0
Lgf,31900000.0,18700000.0,Patriots Day,2016-12-21,40000000.0,12837989.0,0.320949725,133.0,"['Action', 'Crime', 'Drama']",7.4,76204,"[28, 18, 53, 80, 36]",En,15.435,6.9,1337.0,2016,0.320949725,50600000.0
Par.,27400000.0,21500000.0,Florence Foster Jenkins,2016-08-12,29000000.0,27000339.0,0.9310461724137931,111.0,"['Biography', 'Comedy', 'Drama']",6.8,44970,"[35, 18]",En,8.453,6.7,849.0,2016,0.9310461724137931,48900000.0
Focus,3700000.0,43600000.0,A Monster Calls,2017-01-06,43000000.0,3414530.0,0.07940767441860465,108.0,"['Animation', 'Drama', 'Fantasy']",7.5,70416,"[18, 14]",En,11.128,7.1,1918.0,2017,0.07940767441860465,47300000.0
Focus,3700000.0,43600000.0,A Monster Calls,2017-01-06,43000000.0,3414530.0,0.07940767441860465,108.0,"['Animation', 'Drama', 'Fantasy']",7.5,70416,"[18, 14]",En,11.128,7.1,1918.0,2017,0.07940767441860465,47300000.0
Fox,15800000.0,30400000.0,Eddie The Eagle,2016-02-26,23000000.0,22060480.0,0.9591513043478261,106.0,"['Biography', 'Comedy', 'Drama']",7.4,75331,"[35, 18, 36, 12]",En,11.483,7.2,1190.0,2016,0.9591513043478261,46200000.0
Sony,36900000.0,9200000.0,Risen,2016-02-19,20000000.0,26255763.0,1.31278815,107.0,"['Action', 'Adventure', 'Drama']",6.3,22813,"[18, 36]",En,10.089,5.8,433.0,2016,1.31278815,46100000.0
Lgf,20800000.0,24400000.0,Blair Witch,2016-09-16,10000000.0,28985577.0,2.8985577,89.0,"['Horror', 'Mystery', 'Thriller']",5.0,36867,"[53, 27]",En,9.772,5.0,1094.0,2016,2.8985577,45200000.0
Lgf,20800000.0,24400000.0,Blair Witch,2016-09-16,10000000.0,28985577.0,2.8985577,89.0,"['Horror', 'Mystery', 'Thriller']",5.0,36867,"[53, 27]",En,9.772,5.0,1094.0,2016,2.8985577,45200000.0
Uni.,42200000.0,422000.0,Almost Christmas,2016-11-11,17000000.0,25493506.0,1.499618,111.0,"['Comedy', 'Drama']",6.1,5212,"[35, 18]",En,6.532,5.6,245.0,2016,1.499618,42622000.0
A24,25100000.0,15300000.0,The Witch,2016-02-19,3500000.0,36954520.0,10.558434285714286,92.0,"['Horror', 'Mystery']",6.8,154278,"[9648, 27]",En,13.493,6.6,2931.0,2016,10.558434285714286,40400000.0
A24,25100000.0,15300000.0,The Witch,2016-02-19,3500000.0,36954520.0,10.558434285714286,92.0,"['Horror', 'Mystery']",6.8,154278,"[9648, 27]",En,13.493,6.6,2931.0,2016,10.558434285714286,40400000.0
Lgf,27000000.0,10900000.0,Hell Or High Water,2016-08-12,12000000.0,25584304.0,2.1320253333333334,102.0,"['Action', 'Crime', 'Drama']",7.6,176469,"[80, 18, 53, 37]",En,15.749,7.3,2468.0,2016,2.1320253333333334,37900000.0
Focus,26600000.0,11000000.0,The Forest,2016-01-08,10000000.0,30749230.0,3.074923,93.0,"['Horror', 'Mystery', 'Thriller']",4.8,36423,"[27, 53]",En,1.125,2.5,1.0,2016,3.074923,37600000.0
Focus,26600000.0,11000000.0,The Forest,2016-01-08,10000000.0,30749230.0,3.074923,93.0,"['Horror', 'Mystery', 'Thriller']",4.8,36423,"[27, 53, 9648]",En,10.069,5.0,957.0,2016,3.074923,37600000.0
Focus,26600000.0,11000000.0,The Forest,2016-01-08,10000000.0,30749230.0,3.074923,93.0,"['Horror', 'Mystery', 'Thriller']",4.8,36423,"[18, 27, 14]",Th,1.255,5.9,15.0,2016,3.074923,37600000.0
Orf,21600000.0,15700000.0,Snowden,2016-09-16,50000000.0,-14619082.0,-0.29238164,134.0,"['Biography', 'Drama', 'Thriller']",7.3,119149,"[18, 36, 80, 53]",En,13.703,7.1,2427.0,2016,0.29238164,37300000.0
Sgem,29700000.0,911000.0,When The Bough Breaks,2016-09-09,10000000.0,20768449.0,2.0768449,107.0,"['Crime', 'Drama', 'Horror']",5.1,4729,"[9648, 18, 27]",En,8.062,5.3,150.0,2016,2.0768449,30611000.0
Focus,10700000.0,19600000.0,Nocturnal Animals,2016-11-18,22500000.0,9898681.0,0.43994137777777775,116.0,"['Drama', 'Thriller']",7.5,205240,"[18, 53]",En,16.19,7.4,4192.0,2016,0.43994137777777775,30300000.0
Focus,10700000.0,19600000.0,Nocturnal Animals,2016-11-18,22500000.0,9898681.0,0.43994137777777775,116.0,"['Drama', 'Thriller']",7.5,205240,"[18, 53]",En,16.19,7.4,4192.0,2016,0.43994137777777775,30300000.0
Bv,12500000.0,13400000.0,The Light Between Oceans,2016-09-02,20000000.0,2281732.0,0.1140866,133.0,"['Drama', 'Romance']",7.2,46247,"[18, 10749]",En,29.887,7.1,831.0,2016,0.1140866,25900000.0
Sony,6900000.0,18300000.0,The Brothers Grimsby,2016-03-11,35000000.0,-6279530.0,-0.17941514285714286,83.0,"['Action', 'Adventure', 'Comedy']",6.2,82123,,,,,,2016,0.17941514285714286,25200000.0
Stx,20800000.0,4200000.0,Free State Of Jones,2016-06-24,50000000.0,-26762748.0,-0.53525496,139.0,"['Action', 'Biography', 'Drama']",6.9,45135,"[28, 18, 36, 10752]",En,8.574,6.6,787.0,2016,0.53525496,25000000.0
Lgf,20000000.0,3300000.0,Middle School: The Worst Years Of My Life,2016-10-07,8500000.0,14811293.0,1.7425050588235294,92.0,"['Comedy', 'Family']",6.1,6413,"[10751, 35]",En,8.479,7.0,190.0,2016,1.7425050588235294,23300000.0
Orf,12600000.0,10500000.0,Triple 9,2016-02-26,20000000.0,5943792.0,0.2971896,115.0,"['Crime', 'Thriller']",6.3,60369,"[28, 53, 9648]",En,13.334,5.8,1258.0,2016,0.2971896,23100000.0
Par.,23100000.0,0.0,Whiskey Tango Foxtrot,2016-03-04,35000000.0,-9649253.0,-0.27569294285714285,112.0,"['Biography', 'Comedy', 'Drama']",6.6,46265,"[10752, 35]",En,8.564,6.2,596.0,2016,0.27569294285714285,23100000.0
Wb,10400000.0,12300000.0,Live By Night,2016-12-25,65000000.0,-43225568.0,-0.6650087384615384,129.0,"['Action', 'Crime', 'Drama']",6.4,47243,"[80, 18, 53]",En,11.322,6.2,759.0,2016,0.6650087384615384,22700000.0
Wb,10400000.0,12300000.0,Live By Night,2016-12-25,65000000.0,-43225568.0,-0.6650087384615384,129.0,"['Action', 'Crime', 'Drama']",6.4,47243,"[80, 18, 53]",En,11.322,6.2,759.0,2016,0.6650087384615384,22700000.0
Orf,11700000.0,10500000.0,Fifty Shades Of Black,2016-01-29,5000000.0,17113075.0,3.422615,92.0,['Comedy'],3.5,17189,"[10749, 35]",En,8.784,4.4,677.0,2016,3.422615,22200000.0
Wb (Nl),20600000.0,0.0,Keanu,2016-04-29,15000000.0,5688141.0,0.3792094,100.0,"['Action', 'Comedy', 'Crime']",6.3,41560,"[28, 35]",En,8.952,6.0,644.0,2016,0.3792094,20600000.0
Stx,14400000.0,4400000.0,The Edge Of Seventeen,2016-11-18,9000000.0,10096003.0,1.1217781111111111,104.0,"['Comedy', 'Drama']",7.3,87602,"[35, 18]",En,11.546,7.2,2224.0,2016,1.1217781111111111,18800000.0
Stx,14400000.0,4400000.0,The Edge Of Seventeen,2016-11-18,9000000.0,10096003.0,1.1217781111111111,104.0,"['Comedy', 'Drama']",7.3,87602,"[35, 18]",En,11.546,7.2,2224.0,2016,1.1217781111111111,18800000.0
Bst,18700000.0,0.0,Eye In The Sky,2016-03-11,13000000.0,22402802.0,1.7232924615384615,102.0,"['Drama', 'Thriller', 'War']",7.3,72301,"[18, 53, 10752]",En,10.219,7.1,850.0,2016,1.7232924615384615,18700000.0
W/Dim.,55000.0,17600000.0,Regression,2015-10-30,20000000.0,-4175626.0,-0.2087813,106.0,"['Crime', 'Horror', 'Mystery']",5.7,33335,"[27, 9648, 53, 80]",En,10.713,5.5,1065.0,2015,0.2087813,17655000.0
Lgf,17100000.0,0.0,Norm Of The North,2016-01-15,18000000.0,12535660.0,0.6964255555555555,90.0,"['Adventure', 'Animation', 'Comedy']",3.6,7951,"[12, 16, 35, 10751]",En,9.325,4.2,192.0,2016,0.6964255555555555,17100000.0
Stx,9300000.0,7600000.0,Hardcore Henry,2016-04-08,2000000.0,15187434.0,7.593717,96.0,"['Action', 'Adventure', 'Sci-Fi']",6.7,78226,"[28, 12, 878]",En,10.459,6.2,1294.0,2016,7.593717,16900000.0
Sgem,10900000.0,5500000.0,Pride And Prejudice And Zombies,2016-02-05,28000000.0,-11361700.0,-0.405775,108.0,"['Action', 'Comedy', 'Horror']",5.8,46187,"[10749, 27, 35, 53]",En,9.086,5.7,1195.0,2016,0.405775,16400000.0
Bg,15400000.0,0.0,The Infiltrator,2016-07-13,47500000.0,-26781896.0,-0.5638293894736842,127.0,"['Biography', 'Crime', 'Drama']",7.0,61547,"[80, 18, 53]",En,9.588,6.6,943.0,2016,0.5638293894736842,15400000.0
Ratt.,14400000.0,0.0,"Hello, My Name Is Doris",2016-03-11,1000000.0,13662703.0,13.662703,90.0,"['Comedy', 'Drama', 'Romance']",6.6,17444,"[35, 18, 10749]",En,7.802,6.4,265.0,2016,13.662703,14400000.0
Ratt.,14400000.0,0.0,"Hello, My Name Is Doris",2016-03-11,1000000.0,13662703.0,13.662703,90.0,"['Comedy', 'Drama', 'Romance']",6.6,17444,"[35, 18, 10749]",En,7.802,6.4,265.0,2016,13.662703,14400000.0
Fox,3000000.0,11300000.0,The Other Side Of The Door,2016-03-04,5000000.0,7905107.0,1.5810214,96.0,['Horror'],5.3,15813,"[53, 27]",En,9.078,5.3,470.0,2016,1.5810214,14300000.0
Foxs,14000000.0,0.0,Jackie,2016-12-02,9000000.0,27588512.0,3.0653902222222222,100.0,"['Biography', 'Drama', 'History']",6.7,66008,[18],En,8.819,6.4,1420.0,2016,3.0653902222222222,14000000.0
Ec,6900000.0,6200000.0,Shut In,2016-11-11,10000000.0,1360665.0,0.1360665,91.0,"['Drama', 'Mystery', 'Thriller']",4.7,11030,"[18, 53]",En,10.535,5.2,374.0,2016,0.1360665,13100000.0
Focus,7800000.0,5200000.0,Loving,2016-11-04,9000000.0,3898064.0,0.43311822222222224,123.0,"['Biography', 'Drama', 'Romance']",7.0,28079,"[10749, 18]",En,8.506,6.7,529.0,2016,0.43311822222222224,13000000.0
Focus,7800000.0,5200000.0,Loving,2016-11-04,9000000.0,3898064.0,0.43311822222222224,123.0,"['Biography', 'Drama', 'Romance']",7.0,28079,"[10749, 18]",En,8.506,6.7,529.0,2016,0.43311822222222224,13000000.0
Ifc,3900000.0,8400000.0,The Man Who Knew Infinity,2016-04-29,10000000.0,2382122.0,0.2382122,108.0,"['Biography', 'Drama']",7.2,43575,[18],En,8.76,7.2,699.0,2016,0.2382122,12300000.0
Bh Tilt,10800000.0,0.0,The Darkness,2016-05-13,4000000.0,6898293.0,1.72457325,92.0,"['Horror', 'Thriller']",4.4,12435,"[27, 53]",En,8.357,4.8,347.0,2016,1.72457325,10800000.0
Lgf,9700000.0,745000.0,The Perfect Match,2016-03-11,5000000.0,5182050.0,1.03641,96.0,"['Comedy', 'Romance']",4.9,3052,"[35, 10749]",En,6.875,5.5,78.0,2016,1.03641,10445000.0
Bv,8900000.0,1500000.0,Queen Of Katwe,2016-09-23,15000000.0,-4944519.0,-0.3296346,124.0,"['Biography', 'Drama', 'Sport']",7.4,13039,[18],En,7.564,7.1,225.0,2016,0.3296346,10400000.0
Ec,3500000.0,5600000.0,Miss Sloane,2016-11-25,18000000.0,-10280370.0,-0.5711316666666667,132.0,"['Drama', 'Thriller']",7.5,52788,"[18, 53]",En,12.215,7.4,912.0,2016,0.5711316666666667,9100000.0
Ec,3500000.0,5600000.0,Miss Sloane,2016-11-25,18000000.0,-10280370.0,-0.5711316666666667,132.0,"['Drama', 'Thriller']",7.5,52788,"[18, 53]",En,12.215,7.4,912.0,2016,0.5711316666666667,9100000.0
Fox,3900000.0,4900000.0,Morgan,2016-09-02,8000000.0,-701214.0,-0.08765175,92.0,"['Action', 'Horror', 'Sci-Fi']",5.8,35487,[18],En,1.111,6.7,12.0,2016,0.08765175,8800000.0
Fox,3900000.0,4900000.0,Morgan,2016-09-02,8000000.0,-701214.0,-0.08765175,92.0,"['Action', 'Horror', 'Sci-Fi']",5.8,35487,"[27, 878, 53]",En,9.912,5.7,843.0,2016,0.08765175,8800000.0
Focus,6500000.0,0.0,The Young Messiah,2016-03-11,16800000.0,-9486303.0,-0.5646608928571428,111.0,"['Drama', 'Fantasy']",5.6,2882,[18],En,5.531,6.1,50.0,2016,0.5646608928571428,6500000.0
Bh Tilt,4800000.0,1500000.0,Incarnate,2016-12-02,5000000.0,4371036.0,0.8742072,91.0,"['Horror', 'Thriller']",5.3,10217,"[27, 53]",En,7.137,5.2,314.0,2016,0.8742072,6300000.0
Orf,3800000.0,2500000.0,Max Steel,2016-10-14,10000000.0,-5436920.0,-0.543692,92.0,"['Action', 'Adventure', 'Family']",4.6,16788,"[28, 12, 878]",En,8.88,5.2,383.0,2016,0.543692,6300000.0
Orf,3800000.0,2500000.0,Max Steel,2016-10-14,10000000.0,-5436920.0,-0.543692,92.0,"['Action', 'Adventure', 'Family']",4.6,16788,"[28, 12, 878]",En,8.88,5.2,383.0,2016,0.543692,6300000.0
Wb,3700000.0,2500000.0,Midnight Special,2016-03-18,18000000.0,-10319750.0,-0.5733194444444445,112.0,"['Action', 'Drama', 'Mystery']",6.6,67921,"[12, 18, 878]",En,8.653,6.3,1105.0,2016,0.5733194444444445,6200000.0
Ratt.,1400000.0,4300000.0,Genius,2016-06-10,17000000.0,-9734717.0,-0.5726304117647059,104.0,"['Biography', 'Drama']",6.6,15611,"[18, 36]",En,9.417,6.5,391.0,2016,0.5726304117647059,5700000.0
Orch.,5200000.0,0.0,Hunt For The Wilderpeople,2016-06-24,2500000.0,21345533.0,8.5382132,101.0,"['Adventure', 'Comedy', 'Drama']",7.9,87532,"[12, 35, 18]",En,12.545,7.8,915.0,2016,8.5382132,5200000.0
Orf,5100000.0,0.0,Bleed For This,2016-11-18,16000000.0,-9396074.0,-0.587254625,117.0,"['Biography', 'Drama', 'Sport']",6.8,21946,[18],En,8.258,6.9,405.0,2016,0.587254625,5100000.0
Orf,5100000.0,0.0,Bleed For This,2016-11-18,16000000.0,-9396074.0,-0.587254625,117.0,"['Biography', 'Drama', 'Sport']",6.8,21946,[18],En,8.258,6.9,405.0,2016,0.587254625,5100000.0
Wein.,4700000.0,0.0,Hands Of Stone,2016-08-26,20000000.0,-14968025.0,-0.74840125,111.0,"['Action', 'Biography', 'Drama']",6.6,12851,[18],En,8.17,6.1,167.0,2016,0.74840125,4700000.0
Spc,4300000.0,0.0,The Meddler,2016-04-22,3200000.0,2326942.0,0.727169375,103.0,"['Comedy', 'Drama', 'Romance']",6.3,10629,"[35, 18]",En,7.725,5.8,186.0,2016,0.727169375,4300000.0
Ratt.,4200000.0,0.0,A Hologram For The King,2016-04-22,35000000.0,-23153990.0,-0.6615425714285714,98.0,"['Comedy', 'Drama', 'Romance']",6.1,36062,"[35, 18]",En,11.055,5.9,589.0,2016,0.6615425714285714,4200000.0
A24,4200000.0,0.0,Swiss Army Man,2016-06-24,3000000.0,2837111.0,0.9457036666666667,97.0,"['Adventure', 'Comedy', 'Drama']",7.0,91736,"[35, 18, 10749, 14, 12]",En,10.0,6.9,1789.0,2016,0.9457036666666667,4200000.0
Bst,4099999.0,0.0,Denial,2016-09-30,10000000.0,-736060.0,-0.073606,109.0,"['Biography', 'Drama']",6.7,16593,"[18, 36]",En,9.267,6.7,349.0,2016,0.073606,4099999.0
Bst,4099999.0,0.0,Denial,2016-09-30,10000000.0,-736060.0,-0.073606,109.0,"['Biography', 'Drama']",6.7,16593,"[18, 36]",En,9.267,6.7,349.0,2016,0.073606,4099999.0
A24,3200000.0,0.0,Green Room,2016-04-15,5000000.0,-1192497.0,-0.2384994,95.0,"['Horror', 'Music', 'Thriller']",7.0,90773,"[27, 80, 53]",En,9.943,6.8,1314.0,2016,0.2384994,3200000.0
A24,3200000.0,0.0,Green Room,2016-04-15,5000000.0,-1192497.0,-0.2384994,95.0,"['Horror', 'Music', 'Thriller']",7.0,90773,"[27, 80, 53]",En,9.943,6.8,1314.0,2016,0.2384994,3200000.0
Rela.,2400000.0,0.0,The Disappointments Room,2016-09-09,15000000.0,-11496239.0,-0.7664159333333334,85.0,"['Drama', 'Horror', 'Thriller']",3.9,8167,"[18, 27, 53]",En,6.324,4.4,272.0,2016,0.7664159333333334,2400000.0
Bst,2200000.0,0.0,Paterson,2016-12-28,5000000.0,5727536.0,1.1455072,118.0,"['Comedy', 'Drama', 'Romance']",7.4,55285,"[35, 18, 10749]",En,9.486,7.1,736.0,2016,1.1455072,2200000.0
Bst,2200000.0,0.0,Paterson,2016-12-28,5000000.0,5727536.0,1.1455072,118.0,"['Comedy', 'Drama', 'Romance']",7.4,55285,"[35, 18, 10749]",En,9.486,7.1,736.0,2016,1.1455072,2200000.0
Bg,2000000.0,0.0,The Dressmaker,2016-09-23,11900000.0,12141617.0,1.0203039495798318,119.0,"['Comedy', 'Drama']",7.1,46833,,,,,,2016,1.0203039495798318,2000000.0
A24,663000.0,1200000.0,American Honey,2016-09-30,3500000.0,-888250.0,-0.2537857142857143,163.0,"['Adventure', 'Drama', 'Romance']",7.0,31663,[18],En,8.778,6.7,417.0,2016,0.2537857142857143,1863000.0
Wein.,1500000.0,0.0,Jane Got A Gun,2016-01-29,25000000.0,-21228655.0,-0.8491462,98.0,"['Action', 'Drama', 'Western']",5.9,19051,"[28, 18, 37]",En,8.825,5.5,439.0,2016,0.8491462,1500000.0
Bg,1300000.0,0.0,The Neon Demon,2016-06-24,7500000.0,-3940197.0,-0.5253596,117.0,"['Horror', 'Thriller']",6.2,72359,"[53, 27, 9648]",En,11.787,6.6,2005.0,2016,0.5253596,1300000.0
Ifc,262000.0,0.0,Dheepan,2016-05-06,9000000.0,-1295643.0,-0.14396033333333333,115.0,"['Crime', 'Drama']",7.2,12312,,,,,,2016,0.14396033333333333,262000.0
Drft.,232000.0,0.0,The Invitation,2016-04-08,1000000.0,-645164.0,-0.645164,100.0,"['Drama', 'Horror', 'Mystery']",6.7,70213,[53],En,10.424,6.5,1063.0,2016,0.645164,232000.0
Cleopatra,82700.0,0.0,A Street Cat Named Bob,2016-11-18,8000000.0,9382693.0,1.172836625,103.0,"['Biography', 'Comedy', 'Drama']",7.4,23204,"[18, 10751, 35]",En,7.12,7.5,500.0,2016,1.172836625,82700.0
Cleopatra,82700.0,0.0,A Street Cat Named Bob,2016-11-18,8000000.0,9382693.0,1.172836625,103.0,"['Biography', 'Comedy', 'Drama']",7.4,23204,"[18, 10751, 35]",En,7.12,7.5,500.0,2016,1.172836625,82700.0
Ifc,24800.0,0.0,Evolution,2001-06-08,80000000.0,18341932.0,0.22927415,81.0,"['Drama', 'Mystery', 'Sci-Fi']",6.0,5266,"[9648, 18, 27]",Fr,4.208,6.3,73.0,2001,0.22927415,24800.0
Ifc,24800.0,0.0,Evolution,2001-06-08,80000000.0,18341932.0,0.22927415,81.0,"['Drama', 'Mystery', 'Sci-Fi']",6.0,5266,"[9648, 18, 27]",Fr,4.208,6.3,73.0,2001,0.22927415,24800.0
Uni.,226000000.0,0.0,The Fate Of The Furious,2017-04-14,250000000.0,984846267.0,3.939385068,136.0,"['Action', 'Crime', 'Thriller']",6.7,179774,"[28, 80, 53]",En,28.668,6.9,6335.0,2017,3.939385068,226000000.0
Uni.,264600000.0,770200000.0,Despicable Me 3,2017-06-30,75000000.0,959727750.0,12.79637,89.0,"['Adventure', 'Animation', 'Comedy']",6.3,92580,"[28, 16, 35, 10751, 12]",En,16.407,6.3,4106.0,2017,12.79637,1034800000.0
Sony,404500000.0,557600000.0,Jumanji: Welcome To The Jungle,2017-12-20,90000000.0,874496193.0,9.716624366666666,119.0,"['Action', 'Adventure', 'Comedy']",7.0,242735,"[28, 12, 35, 14]",En,20.395,6.7,7213.0,2017,9.716624366666666,962100000.0
Sony,404500000.0,557600000.0,Jumanji: Welcome To The Jungle,2017-12-20,90000000.0,874496193.0,9.716624366666666,119.0,"['Action', 'Adventure', 'Comedy']",7.0,242735,"[28, 12, 35, 14]",En,20.395,6.7,7213.0,2017,9.716624366666666,962100000.0
Sony,334200000.0,546000000.0,Spider-Man: Homecoming,2017-07-07,175000000.0,705166350.0,4.029522,133.0,"['Action', 'Adventure', 'Sci-Fi']",7.5,426302,"[28, 12, 878, 18]",En,46.775,7.4,11585.0,2017,4.029522,880200000.0
Bv,315100000.0,538900000.0,Thor: Ragnarok,2017-11-03,180000000.0,666980024.0,3.7054445777777776,130.0,"['Action', 'Adventure', 'Comedy']",7.9,482995,"[28, 12, 35, 14]",En,43.45,7.5,11380.0,2017,3.7054445777777776,854000000.0
Bv,315100000.0,538900000.0,Thor: Ragnarok,2017-11-03,180000000.0,666980024.0,3.7054445777777776,130.0,"['Action', 'Adventure', 'Comedy']",7.9,482995,"[28, 12, 35, 14]",En,43.45,7.5,11380.0,2017,3.7054445777777776,854000000.0
Wb,412600000.0,409300000.0,Wonder Woman,2017-06-02,150000000.0,671133378.0,4.47422252,141.0,"['Action', 'Adventure', 'Fantasy']",7.5,487527,"[28, 14]",En,2.841,5.9,34.0,2017,4.47422252,821900000.0
Wb,412600000.0,409300000.0,Wonder Woman,2017-06-02,150000000.0,671133378.0,4.47422252,141.0,"['Action', 'Adventure', 'Fantasy']",7.5,487527,"[12, 14, 10752, 10749]",En,31.618,7.3,12566.0,2017,4.47422252,821900000.0
Bv,209700000.0,597400000.0,Coco,2017-11-22,175000000.0,623008101.0,3.5600462914285713,105.0,"['Adventure', 'Animation', 'Comedy']",8.4,277194,"[16, 10751, 35, 12, 14]",En,25.961,8.2,8669.0,2017,3.5600462914285713,807100000.0
Bv,209700000.0,597400000.0,Coco,2017-11-22,175000000.0,623008101.0,3.5600462914285713,105.0,"['Adventure', 'Animation', 'Comedy']",8.4,277194,"[16, 10751, 35, 12, 14]",En,25.961,8.2,8669.0,2017,3.5600462914285713,807100000.0
Bv,172600000.0,622300000.0,Pirates Of The Caribbean: Dead Men Tell No Tales,2017-05-26,230000000.0,558241137.0,2.4271353782608696,129.0,"['Action', 'Adventure', 'Fantasy']",6.6,228592,"[12, 28, 14, 35]",En,28.101,6.6,6931.0,2017,2.4271353782608696,794900000.0
Wb (Nl),327500000.0,372900000.0,It,2017-09-08,35000000.0,662457969.0,18.927370542857144,135.0,"['Horror', 'Thriller']",7.4,359123,"[27, 53]",En,13.966,7.2,10931.0,2017,18.927370542857144,700400000.0
Wb (Nl),327500000.0,372900000.0,It,2017-09-08,35000000.0,662457969.0,18.927370542857144,135.0,"['Horror', 'Thriller']",7.4,359123,"[27, 53]",En,13.966,7.2,10931.0,2017,18.927370542857144,700400000.0
Wb,229000000.0,428900000.0,Justice League,2017-11-17,300000000.0,355945209.0,1.18648403,120.0,"['Action', 'Adventure', 'Fantasy']",6.5,329135,"[28, 12, 14, 878]",En,34.953,6.2,7510.0,2017,1.18648403,657900000.0
Wb,229000000.0,428900000.0,Justice League,2017-11-17,300000000.0,355945209.0,1.18648403,120.0,"['Action', 'Adventure', 'Fantasy']",6.5,329135,"[28, 12, 14, 878]",En,34.953,6.2,7510.0,2017,1.18648403,657900000.0
Par.,130199999.0,475300000.0,Transformers: The Last Knight,2017-06-21,217000000.0,385893340.0,1.7783103225806451,154.0,"['Action', 'Adventure', 'Sci-Fi']",5.2,119007,"[28, 878, 53, 12]",En,24.258,6.0,3255.0,2017,1.7783103225806451,605499999.0
Wb,168100000.0,398600000.0,Kong: Skull Island,2017-03-10,185000000.0,376072059.0,2.0328219405405403,118.0,"['Action', 'Adventure', 'Fantasy']",6.6,237720,"[28, 12, 14]",En,29.388,6.3,6054.0,2017,2.0328219405405403,566700000.0
Fox,175000000.0,353000000.0,The Boss Baby,2017-03-31,125000000.0,385878762.0,3.087030096,97.0,"['Adventure', 'Animation', 'Comedy']",6.3,93730,"[16, 35, 10751]",En,7.445,6.4,4314.0,2017,3.087030096,528000000.0
Wb,188000000.0,337200000.0,Dunkirk,2017-07-21,150000000.0,349837368.0,2.33224912,106.0,"['Action', 'Drama', 'History']",7.9,466580,"[10752, 28, 18]",En,24.358,7.4,9156.0,2017,2.33224912,525200000.0
Fox,146900000.0,343800000.0,War For The Planet Of The Apes,2017-07-14,152000000.0,337592267.0,2.2210017565789473,140.0,"['Action', 'Adventure', 'Drama']",7.5,201943,"[18, 878, 10752]",En,23.445,7.0,5235.0,2017,2.2210017565789473,490700000.0
Fox,174300000.0,260700000.0,The Greatest Showman,2017-12-20,84000000.0,302665550.0,3.6031613095238093,105.0,"['Biography', 'Drama', 'Musical']",7.6,199663,[18],En,22.009,8.0,5197.0,2017,3.6031613095238093,435000000.0
Fox,174300000.0,260700000.0,The Greatest Showman,2017-12-20,84000000.0,302665550.0,3.6031613095238093,105.0,"['Biography', 'Drama', 'Musical']",7.6,199663,[18],En,22.009,8.0,5197.0,2017,3.6031613095238093,435000000.0
Fox,100200000.0,310700000.0,Kingsman: The Golden Circle,2017-09-22,104000000.0,304803696.0,2.930804769230769,141.0,"['Action', 'Adventure', 'Comedy']",6.8,230797,"[28, 12, 35]",En,24.337,7.0,5531.0,2017,2.930804769230769,410900000.0
Bv,152900000.0,231000000.0,Cars 3,2017-06-16,175000000.0,208541369.0,1.1916649657142857,102.0,"['Adventure', 'Animation', 'Comedy']",6.8,59408,"[12, 16, 35, 10751]",En,18.427,6.7,2596.0,2017,1.1916649657142857,383900000.0
Uni.,114600000.0,267000000.0,Fifty Shades Darker,2017-02-10,55000000.0,326398492.0,5.934518036363636,118.0,"['Drama', 'Romance']",4.6,81706,"[18, 10749]",En,12.083,6.1,4489.0,2017,5.934518036363636,381600000.0
Uni.,45500000.0,289400000.0,The Great Wall,2017-02-17,150000000.0,184486852.0,1.2299123466666666,103.0,"['Action', 'Adventure', 'Fantasy']",6.0,111602,"[28, 12, 14]",En,19.144,5.8,2775.0,2017,1.2299123466666666,334900000.0
Sgem,26800000.0,285400000.0,Resident Evil: The Final Chapter,2017-01-27,40000000.0,274101190.0,6.85252975,107.0,"['Action', 'Horror', 'Sci-Fi']",5.6,74979,"[28, 27, 878]",En,0.844,5.9,1859.0,2017,6.85252975,312200000.0
Wb,175800000.0,136200000.0,The Lego Batman Movie,2017-02-10,80000000.0,230660018.0,2.883250225,104.0,"['Action', 'Animation', 'Comedy']",7.3,116433,"[28, 16, 35, 10751, 14]",En,19.352,7.2,2882.0,2017,2.883250225,312000000.0
Wb (Nl),102100000.0,204400000.0,Annabelle: Creation,2017-08-11,15000000.0,290384865.0,19.358991,109.0,"['Horror', 'Mystery', 'Thriller']",6.5,90402,"[27, 9648, 53]",En,21.245,6.5,3141.0,2017,19.358991,306500000.0
Lgf,132400000.0,173500000.0,Wonder,2017-11-17,20000000.0,284604712.0,14.2302356,113.0,"['Drama', 'Family']",8.0,111632,"[18, 10751]",En,20.101,8.2,3959.0,2017,14.2302356,305900000.0
Lgf,132400000.0,173500000.0,Wonder,2017-11-17,20000000.0,284604712.0,14.2302356,113.0,"['Drama', 'Family']",8.0,111632,"[18, 10751]",En,20.101,8.2,3959.0,2017,14.2302356,305900000.0
Fox,84400000.0,211700000.0,Ferdinand,2017-12-15,111000000.0,178847930.0,1.6112426126126127,108.0,"['Adventure', 'Animation', 'Comedy']",6.7,40229,"[16, 10751, 12, 35]",En,19.479,7.1,1425.0,2017,1.6112426126126127,296100000.0
Fox,84400000.0,211700000.0,Ferdinand,2017-12-15,111000000.0,178847930.0,1.6112426126126127,108.0,"['Adventure', 'Animation', 'Comedy']",6.7,40229,"[16, 10751, 12, 35]",En,19.479,7.1,1425.0,2017,1.6112426126126127,296100000.0
Uni.,138300000.0,140200000.0,Split,2017-01-20,5000000.0,273964806.0,54.7929612,117.0,"['Horror', 'Thriller']",7.3,358543,[18],En,0.906,5.3,2.0,2017,54.7929612,278500000.0
Uni.,138300000.0,140200000.0,Split,2017-01-20,5000000.0,273964806.0,54.7929612,117.0,"['Horror', 'Thriller']",7.3,358543,"[27, 53]",En,25.783,7.2,10375.0,2017,54.7929612,278500000.0
Uni.,138300000.0,140200000.0,Split,2017-01-20,5000000.0,273964806.0,54.7929612,117.0,"['Horror', 'Thriller']",7.3,358543,"[14, 18]",En,2.454,5.0,5.0,2017,54.7929612,278500000.0
Uni.,138300000.0,140200000.0,Split,2017-01-20,5000000.0,273964806.0,54.7929612,117.0,"['Horror', 'Thriller']",7.3,358543,"[35, 10749]",En,2.029,4.8,16.0,2017,54.7929612,278500000.0
Wb,92100000.0,167200000.0,Blade Runner 2049,2017-10-06,185000000.0,74357408.0,0.40193193513513514,164.0,"['Drama', 'Mystery', 'Sci-Fi']",8.0,376241,"[878, 28, 53]",En,48.571,7.4,6679.0,2017,0.40193193513513514,259300000.0
Wb,92100000.0,167200000.0,Blade Runner 2049,2017-10-06,185000000.0,74357408.0,0.40193193513513514,164.0,"['Drama', 'Mystery', 'Sci-Fi']",8.0,376241,"[878, 28, 53]",En,48.571,7.4,6679.0,2017,0.40193193513513514,259300000.0
Uni.,176000000.0,79400000.0,Get Out,2017-02-24,5000000.0,250367951.0,50.0735902,104.0,"['Horror', 'Mystery', 'Thriller']",7.7,400474,"[35, 16]",En,0.834,5.5,8.0,2017,50.0735902,255400000.0
Uni.,176000000.0,79400000.0,Get Out,2017-02-24,5000000.0,250367951.0,50.0735902,104.0,"['Horror', 'Mystery', 'Thriller']",7.7,400474,"[9648, 53, 27]",En,24.739,7.5,8760.0,2017,50.0735902,255400000.0
Grtindia,20200000.0,234000000.0,Baahubali 2: The Conclusion,2017-04-28,30000000.0,233502914.0,7.783430466666666,167.0,"['Action', 'Drama']",8.3,65656,"[28, 18]",Te,10.406,7.0,252.0,2017,7.783430466666666,254200000.0
Fox,74300000.0,166600000.0,Alien: Covenant,2017-05-19,97000000.0,141521247.0,1.4589819278350515,122.0,"['Horror', 'Sci-Fi', 'Thriller']",6.4,226920,"[27, 878, 53]",En,24.651,5.9,4971.0,2017,1.4589819278350515,240900000.0
Tris,107800000.0,119100000.0,Baby Driver,2017-06-28,34000000.0,194104185.0,5.708946617647059,113.0,"['Action', 'Crime', 'Drama']",7.6,363977,"[28, 80]",En,22.895,7.4,8034.0,2017,5.708946617647059,226900000.0
Stx,41200000.0,184700000.0,Valerian And The City Of A Thousand Planets,2017-07-21,180000000.0,35098356.0,0.19499086666666668,137.0,"['Action', 'Adventure', 'Fantasy']",6.5,139792,"[12, 878, 28]",En,24.003,6.6,4149.0,2017,0.19499086666666668,225900000.0
Wb,33700000.0,187900000.0,Geostorm,2017-10-20,100000000.0,120796009.0,1.20796009,109.0,"['Action', 'Sci-Fi', 'Thriller']",5.3,78287,"[28, 878, 53]",En,13.653,5.8,2246.0,2017,1.20796009,221600000.0
Wb,33700000.0,187900000.0,Geostorm,2017-10-20,100000000.0,120796009.0,1.20796009,109.0,"['Action', 'Sci-Fi', 'Thriller']",5.3,78287,"[28, 878, 53]",En,13.653,5.8,2246.0,2017,1.20796009,221600000.0
Sony,86100000.0,131699999.0,The Emoji Movie,2017-07-28,50000000.0,166562312.0,3.33124624,86.0,"['Adventure', 'Animation', 'Comedy']",3.2,47294,"[16, 10751, 35]",En,14.88,5.4,1447.0,2017,3.33124624,217799999.0
Sony,45000000.0,152200000.0,Smurfs: The Lost Village,2017-04-07,60000000.0,137578586.0,2.292976433333333,90.0,"['Adventure', 'Animation', 'Comedy']",6.0,15612,"[12, 16, 35, 10751]",En,15.663,6.2,736.0,2017,2.292976433333333,197200000.0
Foxs,63900000.0,131400000.0,The Shape Of Water,2017-12-01,19500000.0,176290794.0,9.040553538461538,123.0,"['Adventure', 'Drama', 'Fantasy']",7.3,308112,"[18, 14, 10749]",En,22.025,7.2,7224.0,2017,9.040553538461538,195300000.0
Foxs,63900000.0,131400000.0,The Shape Of Water,2017-12-01,19500000.0,176290794.0,9.040553538461538,123.0,"['Adventure', 'Drama', 'Fantasy']",7.3,308112,"[18, 14, 10749]",En,22.025,7.2,7224.0,2017,9.040553538461538,195300000.0
Uni.,104900000.0,80500000.0,Pitch Perfect 3,2017-12-22,45000000.0,140736412.0,3.1274758222222223,93.0,"['Comedy', 'Music']",5.8,45127,"[35, 10402]",En,14.89,6.5,1884.0,2017,3.1274758222222223,185400000.0
Uni.,104900000.0,80500000.0,Pitch Perfect 3,2017-12-22,45000000.0,140736412.0,3.1274758222222223,93.0,"['Comedy', 'Music']",5.8,45127,"[35, 10402]",En,14.89,6.5,1884.0,2017,3.1274758222222223,185400000.0
Fox,81900000.0,97900000.0,The Post,2017-12-22,50000000.0,129748880.0,2.5949776,116.0,"['Biography', 'Drama', 'History']",7.2,108017,"[18, 36]",En,15.551,7.0,2506.0,2017,2.5949776,179800000.0
Fox,81900000.0,97900000.0,The Post,2017-12-22,50000000.0,129748880.0,2.5949776,116.0,"['Biography', 'Drama', 'History']",7.2,108017,"[18, 36]",En,15.551,7.0,2506.0,2017,2.5949776,179800000.0
Par.,58100000.0,119800000.0,Baywatch,2017-05-25,60000000.0,115863783.0,1.93106305,116.0,"['Action', 'Comedy', 'Crime']",5.6,137528,"[28, 35]",En,14.429,6.1,4748.0,2017,1.93106305,177900000.0
Foxs,54500000.0,104700000.0,"Three Billboards Outside Ebbing, Missouri",2017-11-10,12000000.0,148191915.0,12.34932625,115.0,"['Crime', 'Drama']",8.2,344047,"[80, 18]",En,17.808,8.2,5432.0,2017,12.34932625,159200000.0
Foxs,54500000.0,104700000.0,"Three Billboards Outside Ebbing, Missouri",2017-11-10,12000000.0,148191915.0,12.34932625,115.0,"['Crime', 'Drama']",8.2,344047,"[80, 18]",En,17.808,8.2,5432.0,2017,12.34932625,159200000.0
Focus,56500000.0,94400000.0,Darkest Hour,2017-11-22,30000000.0,120807172.0,4.026905733333333,125.0,"['Biography', 'Drama', 'History']",7.4,136546,"[18, 36]",En,15.331,7.3,2715.0,2017,4.026905733333333,150900000.0
Focus,56500000.0,94400000.0,Darkest Hour,2017-11-22,30000000.0,120807172.0,4.026905733333333,125.0,"['Biography', 'Drama', 'History']",7.4,136546,"[18, 36]",En,15.331,7.3,2715.0,2017,4.026905733333333,150900000.0
Wb,39200000.0,109500000.0,King Arthur: Legend Of The Sword,2017-05-12,175000000.0,-35369664.0,-0.2021123657142857,126.0,"['Action', 'Adventure', 'Drama']",6.8,169054,"[28, 18, 14]",En,21.793,6.5,3305.0,2017,0.2021123657142857,148700000.0
Stx,34400000.0,111000000.0,The Foreigner,2017-10-13,35000000.0,105783360.0,3.0223817142857143,113.0,"['Action', 'Thriller']",7.0,81288,"[28, 53, 18]",En,14.616,6.7,1086.0,2017,3.0223817142857143,145400000.0
Stx,34400000.0,111000000.0,The Foreigner,2017-10-13,35000000.0,105783360.0,3.0223817142857143,113.0,"['Action', 'Thriller']",7.0,81288,"[28, 53, 18]",En,14.616,6.7,1086.0,2017,3.0223817142857143,145400000.0
Uni.,115200000.0,25400000.0,Girls Trip,2017-07-21,28000000.0,112886353.0,4.0316554642857145,122.0,"['Comedy', 'Drama']",6.2,29321,[35],En,8.589,6.8,968.0,2017,4.0316554642857145,140600000.0
Uni.,51300000.0,83500000.0,American Made,2017-09-29,50000000.0,85569212.0,1.71138424,115.0,"['Action', 'Biography', 'Comedy']",7.2,131043,"[28, 80]",En,16.748,6.7,2188.0,2017,1.71138424,134800000.0
Uni.,51300000.0,83500000.0,American Made,2017-09-29,50000000.0,85569212.0,1.71138424,115.0,"['Action', 'Biography', 'Comedy']",7.2,131043,"[28, 80]",En,16.748,6.7,2188.0,2017,1.71138424,134800000.0
Stx,72100000.0,58400000.0,A Bad Moms Christmas,2017-11-01,28000000.0,99710550.0,3.5610910714285713,104.0,"['Adventure', 'Comedy']",5.5,33056,[35],En,16.604,6.3,1044.0,2017,3.5610910714285713,130500000.0
Stx,72100000.0,58400000.0,A Bad Moms Christmas,2017-11-01,28000000.0,99710550.0,3.5610910714285713,104.0,"['Adventure', 'Comedy']",5.5,33056,[35],En,16.604,6.3,1044.0,2017,3.5610910714285713,130500000.0
Fox,73900000.0,51600000.0,Captain Underpants: The First Epic Movie,2017-06-02,38000000.0,88577874.0,2.3309966842105263,89.0,"['Action', 'Animation', 'Comedy']",6.2,21903,"[28, 16, 35, 10751]",En,18.31,6.0,587.0,2017,2.3309966842105263,125500000.0
Uni.,55700000.0,69800000.0,Happy Death Day,2017-10-13,5000000.0,120010260.0,24.002052,96.0,"['Horror', 'Mystery', 'Thriller']",6.5,87132,"[27, 9648, 53]",En,21.23,6.6,3211.0,2017,24.002052,125500000.0
Wb,59300000.0,63800000.0,The Lego Ninjago Movie,2017-09-22,70000000.0,52737201.0,0.7533885857142857,101.0,"['Action', 'Adventure', 'Animation']",6.0,18926,"[28, 16, 12, 10751]",En,14.607,6.3,424.0,2017,0.7533885857142857,123100000.0
Sony,50700000.0,62500000.0,The Dark Tower,2017-08-04,60000000.0,53461527.0,0.89102545,95.0,"['Action', 'Adventure', 'Fantasy']",5.7,107518,"[28, 14, 878, 37, 27]",En,15.517,5.6,2842.0,2017,0.89102545,113200000.0
Lgf,38100000.0,64900000.0,Jigsaw,2017-10-27,10000000.0,92445196.0,9.2445196,92.0,"['Crime', 'Horror', 'Mystery']",5.8,57184,"[80, 27, 9648, 53]",En,17.398,6.1,1887.0,2017,9.2445196,103000000.0
Focus,51700000.0,48300000.0,Atomic Blonde,2017-07-28,30000000.0,68345423.0,2.2781807666666665,115.0,"['Action', 'Mystery', 'Thriller']",6.7,150407,"[28, 9648, 53]",En,21.662,6.3,3645.0,2017,2.2781807666666665,100000000.0
Par.,27800000.0,55300000.0,Rings,2017-02-03,25000000.0,57917283.0,2.31669132,102.0,"['Drama', 'Horror', 'Mystery']",4.5,34151,[27],En,13.53,4.9,1785.0,2017,2.31669132,83100000.0
Sgem,30400000.0,50700000.0,Underworld: Blood Wars,2017-01-06,35000000.0,46209222.0,1.3202634857142856,91.0,"['Action', 'Adventure', 'Fantasy']",5.8,62942,"[28, 14, 27, 18]",En,18.976,5.5,2318.0,2017,1.3202634857142856,81100000.0
A24,49000000.0,30000000.0,Lady Bird,2017-11-03,10000000.0,68610769.0,6.8610769,94.0,"['Comedy', 'Drama']",7.4,177677,"[35, 18]",En,15.974,7.3,3866.0,2017,6.8610769,79000000.0
A24,49000000.0,30000000.0,Lady Bird,2017-11-03,10000000.0,68610769.0,6.8610769,94.0,"['Comedy', 'Drama']",7.4,177677,"[35, 18]",En,15.974,7.3,3866.0,2017,6.8610769,79000000.0
Lgf,36200000.0,31000000.0,American Assassin,2017-09-15,63000000.0,5310140.0,0.0842879365079365,112.0,"['Action', 'Thriller']",6.2,57793,"[28, 53]",En,15.434,6.3,1596.0,2017,0.0842879365079365,67200000.0
Orf,28400000.0,36800000.0,The Nut Job 2: Nutty By Nature,2017-08-11,40000000.0,17438389.0,0.435959725,91.0,"['Adventure', 'Animation', 'Comedy']",5.5,4820,"[10751, 16, 12, 35]",En,8.975,5.7,227.0,2017,0.435959725,65200000.0
Par.,33400000.0,31100000.0,Monster Trucks,2017-01-13,125000000.0,-63357202.0,-0.506857616,104.0,"['Action', 'Adventure', 'Comedy']",5.7,13525,"[28, 35, 878]",En,8.827,5.9,414.0,2017,0.506857616,64500000.0
Sony,40900000.0,22000000.0,The Star,2017-11-17,20000000.0,42758010.0,2.1379005,86.0,"['Adventure', 'Animation', 'Comedy']",6.1,5159,"[35, 12, 10751, 14, 16]",En,14.53,5.4,233.0,2017,2.1379005,62900000.0
Pnt,32100000.0,29700000.0,How To Be A Latin Lover,2017-04-28,10000000.0,52556228.0,5.2556228,115.0,"['Comedy', 'Drama']",5.9,11747,[35],En,11.0,6.3,197.0,2017,5.2556228,61800000.0
Wb,34100000.0,27500000.0,"Everything, Everything",2017-05-19,10000000.0,51603136.0,5.1603136,96.0,"['Drama', 'Romance']",6.4,26811,"[18, 10749]",En,13.998,7.2,2447.0,2017,5.1603136,61600000.0
Fox,45900000.0,15000000.0,Snatched,2017-05-12,42000000.0,15852177.0,0.37743278571428573,90.0,"['Action', 'Adventure', 'Comedy']",4.5,29997,[35],En,0.725,3.5,2.0,2017,0.37743278571428573,60900000.0
Fox,45900000.0,15000000.0,Snatched,2017-05-12,42000000.0,15852177.0,0.37743278571428573,90.0,"['Action', 'Adventure', 'Comedy']",4.5,29997,"[28, 35]",En,10.92,5.3,495.0,2017,0.37743278571428573,60900000.0
Lgf,42900000.0,13500000.0,The Big Sick,2017-06-23,5000000.0,48972860.0,9.794572,120.0,"['Comedy', 'Drama', 'Romance']",7.6,104008,"[35, 18, 10749]",En,12.322,7.4,1302.0,2017,9.794572,56400000.0
Par.,24400000.0,30600000.0,Downsizing,2017-12-22,68000000.0,-13537029.0,-0.19907395588235294,135.0,"['Drama', 'Sci-Fi']",5.7,74815,"[35, 18, 878]",En,10.682,5.1,1887.0,2017,0.19907395588235294,55000000.0
Par.,24400000.0,30600000.0,Downsizing,2017-12-22,68000000.0,-13537029.0,-0.19907395588235294,135.0,"['Drama', 'Sci-Fi']",5.7,74815,"[35, 18, 878]",En,10.682,5.1,1887.0,2017,0.19907395588235294,55000000.0
Neon,30000000.0,23900000.0,"I, Tonya",2017-12-08,11000000.0,42797409.0,3.8906735454545456,120.0,"['Biography', 'Comedy', 'Drama']",7.5,141668,[18],En,15.407,7.5,2904.0,2017,3.8906735454545456,53900000.0
Neon,30000000.0,23900000.0,"I, Tonya",2017-12-08,11000000.0,42797409.0,3.8906735454545456,120.0,"['Biography', 'Comedy', 'Drama']",7.5,141668,[18],En,15.407,7.5,2904.0,2017,3.8906735454545456,53900000.0
Bst,27800000.0,20700000.0,Logan Lucky,2017-08-18,29000000.0,15264271.0,0.5263541724137931,118.0,"['Comedy', 'Crime', 'Drama']",7.0,105966,"[28, 35, 80, 18]",En,15.743,6.7,1627.0,2017,0.5263541724137931,48500000.0
Sony,22100000.0,25200000.0,Rough Night,2017-06-16,20000000.0,26844357.0,1.34221785,101.0,"['Comedy', 'Crime', 'Thriller']",5.2,39447,"[18, 35]",En,14.338,5.6,1096.0,2017,1.34221785,47300000.0
Lg/S,44900000.0,0.0,All Eyez On Me,2017-06-16,45000000.0,9876855.0,0.21948566666666666,139.0,"['Biography', 'Drama', 'Music']",5.8,18541,"[18, 10402]",En,7.249,6.4,695.0,2017,0.21948566666666666,44900000.0
Par.,17800000.0,26700000.0,Mother!,2017-09-15,30000000.0,12531076.0,0.41770253333333335,121.0,"['Drama', 'Horror', 'Mystery']",6.6,156813,"[18, 27, 9648]",En,15.227,7.0,3458.0,2017,0.41770253333333335,44500000.0
Uni.,6700000.0,36400000.0,The Snowman,2017-10-20,35000000.0,8226146.0,0.23503274285714285,119.0,"['Crime', 'Drama', 'Mystery']",5.1,47890,"[18, 80, 53, 27]",En,14.581,5.1,1225.0,2017,0.23503274285714285,43100000.0
Foxs,24800000.0,18200000.0,Gifted,2017-04-07,7000000.0,29964656.0,4.280665142857143,101.0,['Drama'],7.6,82426,"[18, 10751, 35]",En,16.745,7.9,2035.0,2017,4.280665142857143,43000000.0
Wb (Nl),32200000.0,8900000.0,Fist Fight,2017-02-17,25000000.0,15286416.0,0.61145664,91.0,['Comedy'],5.6,35136,[35],En,9.808,6.0,708.0,2017,0.61145664,41100000.0
Fox,20700000.0,19400000.0,Diary Of A Wimpy Kid: The Long Haul,2017-05-19,22000000.0,13609577.0,0.6186171363636364,91.0,"['Comedy', 'Family']",4.4,5635,"[35, 10751]",En,10.839,5.6,193.0,2017,0.6186171363636364,40100000.0
Wb (Nl),25600000.0,8600000.0,The House,2017-06-30,40000000.0,-8807575.0,-0.220189375,88.0,"['Comedy', 'Crime']",5.6,33365,[35],En,9.62,5.7,474.0,2017,0.220189375,34200000.0
A24,21100000.0,8700000.0,The Disaster Artist,2017-12-01,10000000.0,18717667.0,1.8717667,104.0,"['Biography', 'Comedy', 'Drama']",7.4,111737,"[35, 18]",En,13.27,7.2,1895.0,2017,1.8717667,29800000.0
A24,21100000.0,8700000.0,The Disaster Artist,2017-12-01,10000000.0,18717667.0,1.8717667,104.0,"['Biography', 'Comedy', 'Drama']",7.4,111737,"[35, 18]",En,13.27,7.2,1895.0,2017,1.8717667,29800000.0
Orf,27000000.0,0.0,Home Again,2017-09-08,15000000.0,22336874.0,1.4891249333333334,97.0,"['Comedy', 'Drama', 'Romance']",5.8,22614,"[35, 18, 10749]",En,10.478,5.9,659.0,2017,1.4891249333333334,27000000.0
Wb,18600000.0,8199999.0,Chips,2017-03-24,25000000.0,-1809708.0,-0.07238832,100.0,"['Action', 'Comedy', 'Crime']",6.0,37029,"[28, 35, 80]",En,13.744,6.0,657.0,2017,0.07238832,26799999.0
Stx,22400000.0,4300000.0,The Bye Bye Man,2017-01-13,7400000.0,23787727.0,3.214557702702703,96.0,"['Drama', 'Fantasy', 'Horror']",4.3,17743,"[27, 53]",En,9.847,5.1,678.0,2017,3.214557702702703,26700000.0
Sony,18300000.0,7400000.0,Only The Brave,2017-10-20,38000000.0,-13444823.0,-0.3538111315789474,134.0,"['Action', 'Biography', 'Drama']",7.7,45482,[18],En,14.163,7.0,603.0,2017,0.3538111315789474,25700000.0
Wb,17500000.0,8100000.0,Father Figures,2017-12-22,25000000.0,-3961559.0,-0.15846236,113.0,"['Adventure', 'Comedy', 'Drama']",5.5,14373,[35],En,12.45,5.8,277.0,2017,0.15846236,25600000.0
Wb,17500000.0,8100000.0,Father Figures,2017-12-22,25000000.0,-3961559.0,-0.15846236,113.0,"['Adventure', 'Comedy', 'Drama']",5.5,14373,[35],En,12.45,5.8,277.0,2017,0.15846236,25600000.0
Wein.,12800000.0,11300000.0,The Founder,2017-01-20,15000000.0,9403192.0,0.6268794666666667,115.0,"['Biography', 'Drama', 'History']",7.2,97841,"[18, 36]",En,12.349,7.0,2093.0,2017,0.6268794666666667,24100000.0
Wein.,12800000.0,11300000.0,The Founder,2017-01-20,15000000.0,9403192.0,0.6268794666666667,115.0,"['Biography', 'Drama', 'History']",7.2,97841,"[18, 36]",En,12.349,7.0,2093.0,2017,0.6268794666666667,24100000.0
A24,14000000.0,5300000.0,It Comes At Night,2017-06-09,5000000.0,14720203.0,2.9440406,91.0,"['Horror', 'Mystery']",6.2,69039,[27],En,12.337,5.8,1141.0,2017,2.9440406,19300000.0
Bst,8600000.0,10700000.0,The Lost City Of Z,2017-04-14,30000000.0,-12878177.0,-0.4292725666666667,141.0,"['Adventure', 'Biography', 'Drama']",6.6,66475,"[12, 18, 36]",En,11.048,6.2,1397.0,2017,0.4292725666666667,19300000.0
Bst,8600000.0,10700000.0,The Lost City Of Z,2017-04-14,30000000.0,-12878177.0,-0.4292725666666667,141.0,"['Adventure', 'Biography', 'Drama']",6.6,66475,"[12, 18, 36]",En,11.048,6.2,1397.0,2017,0.4292725666666667,19300000.0
Stx,7900000.0,6900000.0,The Space Between Us,2017-02-03,30000000.0,-13518595.0,-0.45061983333333333,120.0,"['Adventure', 'Drama', 'Romance']",6.4,41031,"[10749, 12, 878, 18]",En,14.437,7.1,1455.0,2017,0.45061983333333333,14800000.0
Bg,14300000.0,0.0,Wish Upon,2017-07-14,12000000.0,11477345.0,0.9564454166666667,90.0,"['Drama', 'Fantasy', 'Horror']",5.0,14962,"[53, 27, 14]",En,10.219,5.4,690.0,2017,0.9564454166666667,14300000.0
Sony,12000000.0,1100000.0,"Roman J. Israel, Esq.",2017-11-17,22000000.0,-9032988.0,-0.41059036363636364,122.0,"['Crime', 'Drama', 'Thriller']",6.4,23632,[18],En,12.688,6.2,499.0,2017,0.41059036363636364,13100000.0
Sony,12000000.0,1100000.0,"Roman J. Israel, Esq.",2017-11-17,22000000.0,-9032988.0,-0.41059036363636364,122.0,"['Crime', 'Drama', 'Thriller']",6.4,23632,[18],En,12.688,6.2,499.0,2017,0.41059036363636364,13100000.0
Foxs,12600000.0,0.0,Battle Of The Sexes,2017-09-22,25000000.0,-6554621.0,-0.26218484,121.0,"['Biography', 'Comedy', 'Drama']",6.7,43245,[35],Ru,0.6,5.5,4.0,2017,0.26218484,12600000.0
Foxs,12600000.0,0.0,Battle Of The Sexes,2017-09-22,25000000.0,-6554621.0,-0.26218484,121.0,"['Biography', 'Comedy', 'Drama']",6.7,43245,"[35, 18, 36]",En,11.988,6.9,1045.0,2017,0.26218484,12600000.0
Foxs,12600000.0,0.0,Battle Of The Sexes,2017-09-22,25000000.0,-6554621.0,-0.26218484,121.0,"['Biography', 'Comedy', 'Drama']",6.7,43245,"[35, 18, 36]",En,11.988,6.9,1045.0,2017,0.26218484,12600000.0
Orf,12200000.0,0.0,Before I Fall,2017-03-03,5000000.0,13945682.0,2.7891364,98.0,"['Drama', 'Fantasy', 'Mystery']",6.4,39282,"[18, 9648, 53, 14]",En,14.584,7.0,2135.0,2017,2.7891364,12200000.0
Lg/S,9400000.0,0.0,Rock Dog,2017-02-24,60000000.0,-35851512.0,-0.5975252,90.0,"['Adventure', 'Animation', 'Comedy']",5.9,3991,"[12, 16, 35, 10751, 10402]",En,10.362,5.7,123.0,2017,0.5975252,9400000.0
Ratt.,4200000.0,4200000.0,Stronger,2017-09-22,30000000.0,-21213248.0,-0.7071082666666667,119.0,"['Biography', 'Drama']",7.0,33464,[18],En,7.836,7.0,782.0,2017,0.7071082666666667,8400000.0
Wein.,2500000.0,5900000.0,Tulip Fever,2017-09-01,25000000.0,-18207232.0,-0.72828928,105.0,"['Drama', 'History', 'Romance']",6.2,15037,"[18, 10749]",En,9.89,6.4,307.0,2017,0.72828928,8400000.0
Bg,6100000.0,1600000.0,Just Getting Started,2017-12-08,22000000.0,-15243588.0,-0.6928903636363636,91.0,"['Action', 'Comedy']",4.4,4829,"[28, 35]",En,8.459,4.9,94.0,2017,0.6928903636363636,7700000.0
Bg,6100000.0,1600000.0,Just Getting Started,2017-12-08,22000000.0,-15243588.0,-0.6928903636363636,91.0,"['Action', 'Comedy']",4.4,4829,"[28, 35]",En,8.459,4.9,94.0,2017,0.6928903636363636,7700000.0
Magn.,7100000.0,0.0,I Am Not Your Negro,2017-02-03,1000000.0,8617402.0,8.617402,93.0,['Documentary'],7.8,13948,[99],En,7.026,8.1,196.0,2017,8.617402,7100000.0
Affirm,5800000.0,140000.0,All Saints,2017-08-25,2000000.0,3941994.0,1.970997,108.0,['Drama'],6.0,1220,"[18, 35]",En,4.042,6.1,25.0,2017,1.970997,5940000.0
A24,5900000.0,0.0,The Florida Project,2017-10-06,2000000.0,9295324.0,4.647662,111.0,['Drama'],7.6,72193,[18],En,11.597,7.4,1125.0,2017,4.647662,5900000.0
Foxs,3600000.0,1400000.0,Table 19,2017-03-03,5000000.0,-379601.0,-0.0759202,87.0,"['Comedy', 'Drama', 'Romance']",5.8,22751,"[35, 18]",En,7.551,6.0,604.0,2017,0.0759202,5000000.0
Orf,2300000.0,2500000.0,Collide,2017-02-24,29200000.0,-23733302.0,-0.8127843150684931,99.0,"['Action', 'Crime', 'Thriller']",5.7,13288,"[53, 28]",En,9.035,5.6,331.0,2017,0.8127843150684931,4800000.0
Ratt.,1800000.0,2700000.0,The Wall,2017-05-12,3000000.0,1495262.0,0.4984206666666667,88.0,"['Action', 'Drama', 'Thriller']",6.2,20391,"[878, 18]",De,5.577,6.7,61.0,2017,0.4984206666666667,4500000.0
Ratt.,1800000.0,2700000.0,The Wall,2017-05-12,3000000.0,1495262.0,0.4984206666666667,88.0,"['Action', 'Drama', 'Thriller']",6.2,20391,"[53, 10752, 18]",En,8.142,6.1,407.0,2017,0.4984206666666667,4500000.0
Entmp,3800000.0,0.0,Friend Request,2017-09-22,9900000.0,1410835.0,0.14250858585858586,92.0,"['Horror', 'Thriller']",5.3,21704,[53],En,2.107,5.5,43.0,2017,0.14250858585858586,3800000.0
Entmp,3800000.0,0.0,Friend Request,2017-09-22,9900000.0,1410835.0,0.14250858585858586,92.0,"['Horror', 'Thriller']",5.3,21704,"[27, 53]",En,9.149,5.5,777.0,2017,0.14250858585858586,3800000.0
A24,1800000.0,0.0,Free Fire,2017-04-21,10000000.0,-6206261.0,-0.6206261,91.0,"['Action', 'Comedy', 'Crime']",6.4,35954,"[28, 80, 9648]",En,12.116,6.3,540.0,2017,0.6206261,1800000.0
A24,1600000.0,0.0,A Ghost Story,2017-07-07,100000.0,2669782.0,26.69782,92.0,"['Drama', 'Fantasy', 'Romance']",6.8,46280,"[18, 14, 10749]",En,11.886,7.0,906.0,2017,26.69782,1600000.0
Magn.,1500000.0,0.0,The Square,2010-04-09,1900000.0,-1159068.0,-0.6100357894736842,151.0,"['Comedy', 'Drama']",7.2,44239,"[99, 18, 36]",Ar,5.596,7.8,84.0,2010,0.6100357894736842,1500000.0
Magn.,1500000.0,0.0,The Square,2010-04-09,1900000.0,-1159068.0,-0.6100357894736842,151.0,"['Comedy', 'Drama']",7.2,44239,[18],En,9.396,6.9,606.0,2010,0.6100357894736842,1500000.0
Magn.,1500000.0,0.0,The Square,2013-10-25,1500000.0,-1323738.0,-0.882492,151.0,"['Comedy', 'Drama']",7.2,44239,"[99, 18, 36]",Ar,5.596,7.8,84.0,2013,0.882492,1500000.0
Magn.,1500000.0,0.0,The Square,2013-10-25,1500000.0,-1323738.0,-0.882492,151.0,"['Comedy', 'Drama']",7.2,44239,[18],En,9.396,6.9,606.0,2013,0.882492,1500000.0
Foxs,800000.0,682000.0,Patti Cake$,2017-08-18,1000000.0,471090.0,0.47109,109.0,"['Drama', 'Music']",6.7,8581,[18],En,6.934,7.0,122.0,2017,0.47109,1482000.0
Cohen,1300000.0,0.0,Churchill,2017-06-02,10000000.0,-2417804.0,-0.2417804,105.0,"['Biography', 'Drama', 'History']",6.3,12047,"[18, 53, 10752]",En,7.692,6.1,150.0,2017,0.2417804,1300000.0
Ifc,128000.0,100000.0,City Of Ghosts,2003-04-25,17500000.0,-17174509.0,-0.9814005142857143,92.0,"['Documentary', 'War']",7.4,2925,"[10752, 99]",En,4.341,7.1,24.0,2003,0.9814005142857143,228000.0
Ifc,155000.0,0.0,The Journey,2003-07-11,500000.0,-480200.0,-0.9604,94.0,['Drama'],6.6,1063,[18],En,1.893,6.7,20.0,2003,0.9604,155000.0
Bv,678800000.0,0.0,Avengers: Infinity War,2018-04-27,300000000.0,1748134200.0,5.827114,149.0,"['Action', 'Adventure', 'Sci-Fi']",8.5,670926,"[12, 28, 14]",En,80.773,8.3,13948.0,2018,5.827114,678800000.0
Bv,700100000.0,646900000.0,Black Panther,2018-02-16,200000000.0,1148258224.0,5.74129112,134.0,"['Action', 'Adventure', 'Sci-Fi']",7.3,516148,"[28, 16]",En,2.058,5.1,11.0,2018,5.74129112,1347000000.0
Bv,700100000.0,646900000.0,Black Panther,2018-02-16,200000000.0,1148258224.0,5.74129112,134.0,"['Action', 'Adventure', 'Sci-Fi']",7.3,516148,"[28, 12, 14, 878]",En,44.14,7.4,12365.0,2018,5.74129112,1347000000.0
Uni.,417700000.0,891800000.0,Jurassic World: Fallen Kingdom,2018-06-22,170000000.0,1135772799.0,6.681016464705882,128.0,"['Action', 'Adventure', 'Sci-Fi']",6.2,219125,"[28, 12, 878]",En,34.958,6.5,5995.0,2018,6.681016464705882,1309500000.0
Bv,608600000.0,634200000.0,Incredibles 2,2018-06-15,200000000.0,1042520711.0,5.212603555,118.0,"['Action', 'Adventure', 'Animation']",7.7,203510,"[28, 12, 16, 10751]",En,36.286,7.6,6354.0,2018,5.212603555,1242800000.0
Wb,335100000.0,812700000.0,Aquaman,2018-12-21,160000000.0,986894640.0,6.1680915,143.0,"['Action', 'Adventure', 'Fantasy']",7.1,263328,"[28, 12, 14]",En,38.102,6.8,6155.0,2018,6.1680915,1147800000.0
Fox,216400000.0,687200000.0,Bohemian Rhapsody,2018-11-02,55000000.0,839985342.0,15.272460763636364,134.0,"['Biography', 'Drama', 'Music']",8.0,345466,"[18, 10402]",En,37.197,8.1,7629.0,2018,15.272460763636364,903600000.0
Fox,318500000.0,460500000.0,Deadpool 2,2018-05-18,110000000.0,676680557.0,6.151641427272727,119.0,"['Action', 'Adventure', 'Comedy']",7.8,391735,"[28, 35, 12]",En,38.894,7.5,8773.0,2018,6.151641427272727,779000000.0
Wb,159600000.0,494100000.0,Fantastic Beasts: The Crimes Of Grindelwald,2018-11-16,200000000.0,452220086.0,2.26110043,134.0,"['Adventure', 'Family', 'Fantasy']",6.6,163151,[12],En,48.508,6.9,4870.0,2018,2.26110043,653700000.0
Bv,216600000.0,406000000.0,Ant-Man And The Wasp,2018-07-06,130000000.0,493144660.0,3.7934204615384615,118.0,"['Action', 'Adventure', 'Comedy']",7.1,244024,"[28, 12, 878, 35]",En,44.729,7.0,6290.0,2018,3.7934204615384615,622600000.0
Wb,137700000.0,445200000.0,Ready Player One,2018-03-29,150000000.0,429290136.0,2.86193424,140.0,"['Action', 'Adventure', 'Sci-Fi']",7.5,301660,"[12, 878]",En,30.029,7.6,7021.0,2018,2.86193424,582900000.0
Wb,145400000.0,384800000.0,The Meg,2018-08-10,178000000.0,351530715.0,1.9748916573033708,113.0,"['Action', 'Horror', 'Sci-Fi']",5.7,114042,"[28, 878, 53, 27]",En,31.397,5.9,2896.0,2018,1.9748916573033708,530200000.0
Bv,201100000.0,328100000.0,Ralph Breaks The Internet,2018-11-21,175000000.0,349283695.0,1.9959068285714285,112.0,"['Adventure', 'Animation', 'Comedy']",7.1,85694,"[10751, 16, 35, 14, 12]",En,48.057,7.2,2626.0,2018,1.9959068285714285,529200000.0
Sony,167500000.0,361100000.0,Hotel Transylvania 3: Summer Vacation,2018-07-13,65000000.0,462079962.0,7.108922492307692,97.0,"['Adventure', 'Animation', 'Comedy']",6.3,42299,"[10751, 14, 35, 16]",En,26.815,6.8,1673.0,2018,7.108922492307692,528600000.0
Par.,127200000.0,340800000.0,Bumblebee,2018-12-21,102000000.0,363195589.0,3.560741068627451,114.0,"['Action', 'Adventure', 'Sci-Fi']",6.9,94155,"[28, 12, 878]",En,43.078,6.5,2425.0,2018,3.560741068627451,468000000.0
Bv,213800000.0,179200000.0,Solo: A Star Wars Story,2018-05-25,275000000.0,118151347.0,0.4296412618181818,135.0,"['Action', 'Adventure', 'Fantasy']",7.0,226243,"[28, 12, 878]",En,29.502,6.6,3838.0,2018,0.4296412618181818,393000000.0
Uni.,100400000.0,271500000.0,Fifty Shades Freed,2018-02-09,55000000.0,316350619.0,5.751829436363637,105.0,"['Drama', 'Romance', 'Thriller']",4.5,43893,"[18, 10749]",En,22.512,6.1,3535.0,2018,5.751829436363637,371900000.0
Sony,115300000.0,236000000.0,Peter Rabbit,2018-02-09,50000000.0,297136477.0,5.94272954,95.0,"['Adventure', 'Animation', 'Comedy']",6.6,27908,"[16, 12, 10751]",En,15.974,6.5,650.0,2018,5.94272954,351300000.0
Bv,172000000.0,177600000.0,Mary Poppins Returns,2018-12-19,130000000.0,211528518.0,1.6271424461538462,130.0,"['Comedy', 'Family', 'Fantasy']",6.9,52103,"[14, 10751, 35]",En,30.419,6.6,1457.0,2018,1.6271424461538462,349600000.0
Par.,188000000.0,152900000.0,A Quiet Place,2018-04-06,17000000.0,317522294.0,18.677782,90.0,"['Drama', 'Horror', 'Sci-Fi']",7.6,305031,"[18, 27, 53, 878]",En,29.154,7.3,5848.0,2018,18.677782,340900000.0
Uni.,85100000.0,234700000.0,Green Book,2018-11-16,23000000.0,299034439.0,13.001497347826087,130.0,"['Biography', 'Comedy', 'Drama']",8.3,204972,"[18, 35]",En,36.284,8.3,3499.0,2018,13.001497347826087,319800000.0
Uni.,68400000.0,236400000.0,Skyscraper,2018-07-13,125000000.0,179115534.0,1.432924272,102.0,"['Action', 'Adventure', 'Thriller']",5.8,81193,[28],En,26.229,6.1,2177.0,2018,1.432924272,304800000.0
Wb,58300000.0,216400000.0,Tomb Raider,2018-03-16,90000000.0,183477501.0,2.0386389,119.0,"['Action', 'Adventure', 'Fantasy']",6.3,163560,"[28, 12, 14]",En,24.968,6.3,4310.0,2018,2.0386389,274700000.0
Wb,174500000.0,64000000.0,Crazy Rich Asians,2018-08-15,30000000.0,208099711.0,6.936657033333334,120.0,"['Comedy', 'Romance']",7.0,96617,"[35, 18, 10749]",En,17.969,7.1,1496.0,2018,6.936657033333334,238500000.0
Wb,83200000.0,130900000.0,Smallfoot,2018-09-28,80000000.0,133691277.0,1.6711409625,96.0,"['Adventure', 'Animation', 'Comedy']",6.7,23295,"[16, 10751, 12, 14]",En,26.231,6.6,600.0,2018,1.6711409625,214100000.0
Mgm,115700000.0,98300000.0,Creed Ii,2018-11-21,50000000.0,163591522.0,3.27183044,130.0,"['Drama', 'Sport']",7.2,72503,[18],En,26.907,6.7,2236.0,2018,3.27183044,214000000.0
Sony,102100000.0,88300000.0,The Equalizer 2,2018-07-20,77000000.0,113453132.0,1.4734172987012988,121.0,"['Action', 'Crime', 'Thriller']",6.7,97963,"[53, 28, 80]",En,22.961,6.4,2089.0,2018,1.4734172987012988,190400000.0
Bv,54900000.0,119100000.0,The Nutcracker And The Four Realms,2018-11-02,132900000.0,37393899.0,0.281368690744921,99.0,"['Adventure', 'Family', 'Fantasy']",5.5,18734,"[14, 12, 10751]",En,26.235,6.0,909.0,2018,0.281368690744921,174000000.0
Wb,103800000.0,68700000.0,The Mule,2018-12-14,50000000.0,120857676.0,2.41715352,116.0,"['Crime', 'Drama', 'Thriller']",7.1,58955,"[80, 35]",En,6.161,6.4,77.0,2018,2.41715352,172500000.0
Wb,103800000.0,68700000.0,The Mule,2018-12-14,50000000.0,120857676.0,2.41715352,116.0,"['Crime', 'Drama', 'Thriller']",7.1,58955,"[80, 18, 53]",En,33.83,6.5,1584.0,2018,2.41715352,172500000.0
Uni.,67700000.0,100100000.0,Insidious: The Last Key,2018-01-05,10000000.0,157885588.0,15.7885588,103.0,"['Horror', 'Mystery', 'Thriller']",5.7,42154,"[9648, 27, 53]",En,16.017,6.1,1306.0,2018,15.7885588,167800000.0
Fox,46900000.0,104700000.0,Red Sparrow,2018-03-02,69000000.0,76951861.0,1.1152443623188406,140.0,"['Action', 'Drama', 'Thriller']",6.6,136738,"[9648, 53]",En,18.117,6.5,3406.0,2018,1.1152443623188406,151600000.0
Uni.,69500000.0,67500000.0,The First Purge,2018-07-04,13000000.0,123617305.0,9.509023461538462,98.0,"['Action', 'Horror', 'Sci-Fi']",5.1,41741,"[28, 878, 53, 27]",En,28.44,5.8,1846.0,2018,9.509023461538462,137000000.0
Bv,100500000.0,32200000.0,A Wrinkle In Time,2018-03-09,103000000.0,30401882.0,0.29516390291262135,109.0,"['Adventure', 'Family', 'Fantasy']",4.2,34888,"[12, 878, 10751, 14]",En,12.529,5.0,1073.0,2018,0.29516390291262135,132700000.0
Uni.,68500000.0,62900000.0,The House With A Clock In Its Walls,2018-09-21,40000000.0,86331750.0,2.15829375,105.0,"['Comedy', 'Fantasy', 'Horror']",6.0,32995,"[14, 10751]",En,21.805,6.2,933.0,2018,2.15829375,131400000.0
Par.,67400000.0,53200000.0,Instant Family,2018-11-16,48000000.0,71736188.0,1.4945039166666667,118.0,"['Comedy', 'Drama']",7.4,46728,"[35, 18]",En,22.634,7.6,782.0,2018,1.4945039166666667,120600000.0
Lgf,36300000.0,83600000.0,The Commuter,2018-01-12,40000000.0,61985431.0,1.549635775,105.0,"['Action', 'Mystery', 'Thriller']",6.3,83114,"[28, 53]",En,20.063,6.2,2394.0,2018,1.549635775,119900000.0
Wb (Nl),69200000.0,48500000.0,Game Night,2018-02-23,37000000.0,80378084.0,2.1723806486486485,100.0,"['Action', 'Comedy', 'Crime']",7.0,163279,"[9648, 35, 80]",En,19.459,6.9,2756.0,2018,2.1723806486486485,117700000.0
Uni.,44900000.0,60800000.0,First Man,2018-10-12,60000000.0,45203825.0,0.7533970833333333,141.0,"['Biography', 'Drama', 'History']",7.4,120009,"[36, 18]",En,22.958,7.1,2304.0,2018,0.7533970833333333,105700000.0
Studio 8,35900000.0,62300000.0,Alpha,2018-08-17,51000000.0,48624873.0,0.9534288823529412,96.0,"['Adventure', 'Drama', 'Family']",6.7,41882,[],El,0.84,7.0,1.0,2018,0.9534288823529412,98200000.0
Studio 8,35900000.0,62300000.0,Alpha,2018-08-17,51000000.0,48624873.0,0.9534288823529412,96.0,"['Adventure', 'Drama', 'Family']",6.7,41882,"[12, 18]",En,24.536,5.9,1167.0,2018,0.9534288823529412,98200000.0
Lgf,53500000.0,44100000.0,A Simple Favor,2018-09-14,20000000.0,77628717.0,3.88143585,117.0,"['Comedy', 'Crime', 'Drama']",6.9,83338,"[53, 80, 9648, 35, 18]",En,21.121,6.6,1756.0,2018,3.88143585,97600000.0
Foxs,34400000.0,61600000.0,The Favourite,2018-11-23,15000000.0,79113929.0,5.274261933333333,119.0,"['Biography', 'Drama', 'History']",7.6,116011,"[18, 36, 35]",En,28.651,7.7,2096.0,2018,5.274261933333333,96000000.0
Uni.,41400000.0,53900000.0,Truth Or Dare,2018-04-13,3500000.0,91627344.0,26.179241142857144,100.0,"['Horror', 'Thriller']",5.2,33621,"[27, 53, 9648]",En,8.102,5.6,194.0,2018,26.179241142857144,95300000.0
Uni.,41400000.0,53900000.0,Truth Or Dare,2018-04-13,3500000.0,91627344.0,26.179241142857144,100.0,"['Horror', 'Thriller']",5.2,33621,[27],En,0.84,4.7,3.0,2018,26.179241142857144,95300000.0
Uni.,41400000.0,53900000.0,Truth Or Dare,2018-04-13,3500000.0,91627344.0,26.179241142857144,100.0,"['Horror', 'Thriller']",5.2,33621,[28],En,0.6,7.0,1.0,2018,26.179241142857144,95300000.0
Uni.,41400000.0,53900000.0,Truth Or Dare,2018-04-13,3500000.0,91627344.0,26.179241142857144,100.0,"['Horror', 'Thriller']",5.2,33621,[27],En,4.354,5.2,50.0,2018,26.179241142857144,95300000.0
Uni.,41400000.0,53900000.0,Truth Or Dare,2018-04-13,3500000.0,91627344.0,26.179241142857144,100.0,"['Horror', 'Thriller']",5.2,33621,"[53, 27]",En,14.354,6.0,2005.0,2018,26.179241142857144,95300000.0
Stx,48800000.0,45700000.0,I Feel Pretty,2018-04-20,32000000.0,59553797.0,1.86105615625,110.0,"['Comedy', 'Romance']",5.4,39936,[35],En,16.298,6.4,1088.0,2018,1.86105615625,94500000.0
Uni.,60300000.0,33700000.0,Blockers,2018-04-06,21000000.0,73045328.0,3.4783489523809523,102.0,['Comedy'],6.2,57142,[35],En,21.841,6.1,969.0,2018,3.4783489523809523,94000000.0
Sony,46700000.0,46600000.0,Goosebumps 2: Haunted Halloween,2018-10-12,35000000.0,58291478.0,1.6654708,90.0,"['Adventure', 'Comedy', 'Family']",5.6,11459,"[12, 35, 14, 10751, 27]",En,20.238,5.6,428.0,2018,1.6654708,93300000.0
Focus,49300000.0,44000000.0,Blackkklansman,2018-08-10,15000000.0,78017335.0,5.201155666666667,135.0,"['Biography', 'Crime', 'Drama']",7.5,149005,"[80, 18]",En,25.101,7.6,3138.0,2018,5.201155666666667,93300000.0
Par.,43200000.0,47100000.0,Sherlock Gnomes,2018-03-23,59000000.0,28527651.0,0.48351950847457625,86.0,"['Adventure', 'Animation', 'Comedy']",5.1,8030,"[10749, 16, 35, 10751, 14, 9648, 12]",En,12.987,5.4,343.0,2018,0.48351950847457625,90300000.0
Uni.,16000000.0,67700000.0,Mortal Engines,2018-12-14,100000000.0,-14712583.0,-0.14712583,128.0,"['Action', 'Adventure', 'Fantasy']",6.1,70193,"[12, 14]",En,40.095,6.0,1751.0,2018,0.14712583,83700000.0
Stx,44900000.0,35600000.0,Den Of Thieves,2018-01-19,30000000.0,50131391.0,1.6710463666666666,140.0,"['Action', 'Crime', 'Drama']",7.0,69648,"[28, 53, 80]",En,22.738,6.6,1244.0,2018,1.6710463666666666,80500000.0
A24,44100000.0,35300000.0,Hereditary,2018-06-08,10000000.0,60133905.0,6.0133905,127.0,"['Drama', 'Horror', 'Mystery']",7.3,151571,"[27, 9648, 53]",En,26.185,7.0,2491.0,2018,6.0133905,79400000.0
Wb (Nl),54700000.0,23400000.0,Tag,2018-06-15,28000000.0,49026186.0,1.7509352142857142,100.0,['Comedy'],6.5,85186,[18],En,1.4,4.0,1.0,2018,1.7509352142857142,78100000.0
Wb (Nl),54700000.0,23400000.0,Tag,2018-06-15,28000000.0,49026186.0,1.7509352142857142,100.0,['Comedy'],6.5,85186,"[35, 18]",En,18.5,6.8,1297.0,2018,1.7509352142857142,78100000.0
Annapurna,47800000.0,28200000.0,Vice,2018-12-25,60000000.0,10883171.0,0.18138618333333334,132.0,"['Biography', 'Comedy', 'Drama']",7.2,72855,"[53, 878, 28, 12]",En,14.641,4.3,312.0,2018,0.18138618333333334,76000000.0
Annapurna,47800000.0,28200000.0,Vice,2018-12-25,60000000.0,10883171.0,0.18138618333333334,132.0,"['Biography', 'Comedy', 'Drama']",7.2,72855,"[18, 36, 35]",En,20.125,7.1,1213.0,2018,0.18138618333333334,76000000.0
Fox,42400000.0,33600000.0,Widows,2018-11-16,40000000.0,33866088.0,0.8466522,129.0,"['Crime', 'Drama', 'Thriller']",7.0,61615,"[80, 53]",En,20.628,6.5,941.0,2018,0.8466522,76000000.0
Sony,50100000.0,25800000.0,Sicario: Day Of The Soldado,2018-06-29,35000000.0,40885196.0,1.168148457142857,122.0,"['Action', 'Crime', 'Drama']",7.1,95650,"[28, 80, 18, 53]",En,29.725,6.7,1317.0,2018,1.168148457142857,75900000.0
Stx,39300000.0,33000000.0,Second Act,2018-12-21,15700000.0,47588854.0,3.0311371974522294,103.0,"['Comedy', 'Drama', 'Romance']",5.8,13109,"[10749, 35]",En,16.322,6.2,361.0,2018,3.0311371974522294,72300000.0
Par.,68600000.0,0.0,Book Club,2018-05-18,10000000.0,81113683.0,8.1113683,104.0,"['Comedy', 'Drama', 'Romance']",6.1,18728,[35],En,0.6,10.0,1.0,2018,8.1113683,68600000.0
Par.,68600000.0,0.0,Book Club,2018-05-18,10000000.0,81113683.0,8.1113683,104.0,"['Comedy', 'Drama', 'Romance']",6.1,18728,"[35, 10749, 18]",En,11.514,6.0,301.0,2018,8.1113683,68600000.0
Wb,45800000.0,21600000.0,12 Strong,2018-01-19,35000000.0,36118378.0,1.0319536571428571,130.0,"['Action', 'Drama', 'History']",6.6,50155,"[10752, 18, 36, 28]",En,13.183,5.6,1312.0,2018,1.0319536571428571,67400000.0
Fox,40800000.0,25500000.0,"Love, Simon",2018-03-16,10000000.0,55520633.0,5.5520633,110.0,"['Comedy', 'Drama', 'Romance']",7.6,81575,"[35, 18, 10749]",En,15.608,8.2,3165.0,2018,5.5520633,66300000.0
Stx,36100000.0,30200000.0,Mile 22,2018-08-17,35000000.0,31295121.0,0.8941463142857143,94.0,"['Action', 'Adventure', 'Thriller']",6.1,47862,[28],En,21.246,6.0,920.0,2018,0.8941463142857143,66300000.0
Wb (Nl),53100000.0,12800000.0,Life Of The Party,2018-05-11,30000000.0,35759911.0,1.1919970333333334,105.0,['Comedy'],5.5,25756,[35],En,13.696,6.2,435.0,2018,1.1919970333333334,65900000.0
Stx,31400000.0,28500000.0,Adrift,2018-06-01,35000000.0,22897191.0,0.6542054571428572,96.0,"['Action', 'Adventure', 'Biography']",6.6,34115,[99],En,0.6,7.0,1.0,2018,0.6542054571428572,59900000.0
Stx,31400000.0,28500000.0,Adrift,2018-06-01,35000000.0,22897191.0,0.6542054571428572,96.0,"['Action', 'Adventure', 'Biography']",6.6,34115,"[53, 10749, 12]",En,16.786,6.7,1264.0,2018,0.6542054571428572,59900000.0
Wb,36300000.0,20800000.0,The 15:17 To Paris,2018-02-09,30000000.0,26096200.0,0.8698733333333334,94.0,"['Biography', 'Drama', 'Thriller']",5.2,21880,"[18, 36, 53]",En,11.576,5.3,799.0,2018,0.8698733333333334,57100000.0
Lgf,8300000.0,46400000.0,Early Man,2018-02-16,50000000.0,-4714110.0,-0.0942822,89.0,"['Adventure', 'Animation', 'Comedy']",6.1,15882,"[10751, 35, 16, 12]",En,16.675,5.9,338.0,2018,0.0942822,54700000.0
Stx,35400000.0,18400000.0,Peppermint,2018-09-07,25000000.0,26800758.0,1.07203032,101.0,"['Action', 'Crime', 'Drama']",6.5,35854,"[53, 28, 18]",En,32.476,6.5,716.0,2018,1.07203032,53800000.0
Wb,29800000.0,22300000.0,Teen Titans Go! To The Movies,2018-07-27,10000000.0,41620593.0,4.1620593,84.0,"['Action', 'Animation', 'Comedy']",6.8,12525,"[16, 28, 35, 878]",En,16.523,7.0,304.0,2018,4.1620593,52100000.0
Sgem,30600000.0,21200000.0,Slender Man,2018-08-10,10000000.0,41723644.0,4.1723644,93.0,"['Horror', 'Mystery', 'Thriller']",3.2,19650,"[9648, 53, 27]",En,16.999,4.0,712.0,2018,4.1723644,51800000.0
Lg/S,42500000.0,4200000.0,Uncle Drew,2018-06-29,18000000.0,28527161.0,1.5848422777777778,103.0,"['Comedy', 'Sport']",5.7,9739,[35],En,10.836,6.5,220.0,2018,1.5848422777777778,46700000.0
Focus,16500000.0,29900000.0,Mary Queen Of Scots,2018-12-07,25000000.0,21734733.0,0.86938932,124.0,"['Biography', 'Drama', 'History']",6.3,23866,"[18, 36]",En,16.115,6.6,592.0,2018,0.86938932,46400000.0
Sgem,14800000.0,28200000.0,The Possession Of Hannah Grace,2018-11-30,6000000.0,36785387.0,6.130897833333333,86.0,"['Horror', 'Mystery', 'Thriller']",5.2,11629,"[27, 18]",En,20.263,5.1,393.0,2018,6.130897833333333,43000000.0
Fox,12700000.0,28400000.0,The Darkest Minds,2018-08-03,34000000.0,4361428.0,0.12827729411764707,104.0,"['Action', 'Adventure', 'Drama']",5.7,21340,"[878, 53]",En,23.967,6.8,1158.0,2018,0.12827729411764707,41100000.0
Focus,24600000.0,13600000.0,On The Basis Of Sex,2018-12-25,20000000.0,18073377.0,0.90366885,120.0,"['Biography', 'Drama']",6.9,12083,"[18, 36]",En,32.624,7.4,225.0,2018,0.90366885,38200000.0
Fox,29700000.0,5200000.0,The Hate U Give,2018-10-05,23000000.0,12067665.0,0.5246810869565217,133.0,"['Crime', 'Drama']",7.3,17583,"[80, 18]",En,19.135,8.2,636.0,2018,0.5246810869565217,34900000.0
Fox,17800000.0,14000000.0,Bad Times At The El Royale,2018-10-12,32000000.0,-2795621.0,-0.08736315625,141.0,"['Crime', 'Drama', 'Mystery']",7.1,86318,"[53, 80, 9648, 18]",En,31.32,6.8,1365.0,2018,0.08736315625,31800000.0
Studio 8,24000000.0,1900000.0,White Boy Rick,2018-09-14,30000000.0,-4052017.0,-0.13506723333333334,111.0,"['Crime', 'Drama']",6.4,16255,"[80, 18]",En,13.794,6.3,277.0,2018,0.13506723333333334,25900000.0
Lgf,25100000.0,0.0,Winchester,2018-02-02,3500000.0,40878040.0,11.67944,99.0,"['Biography', 'Drama', 'Fantasy']",5.4,24351,"[14, 9648, 53, 27]",En,12.44,5.7,884.0,2018,11.67944,25100000.0
Affirm,17600000.0,5500000.0,"Paul, Apostle Of Christ",2018-03-23,5000000.0,20529498.0,4.1058996,108.0,"['Adventure', 'Biography', 'Drama']",6.7,5662,[36],En,12.005,7.1,98.0,2018,4.1058996,23100000.0
Sgem,20900000.0,876000.0,Proud Mary,2018-01-12,30000000.0,-8290461.0,-0.2763487,89.0,"['Action', 'Crime', 'Drama']",4.9,6805,"[53, 28, 80]",En,9.371,5.5,259.0,2018,0.2763487,21776000.0
Sony,20500000.0,236000.0,Superfly,2018-06-13,16000000.0,4723581.0,0.2952238125,116.0,"['Action', 'Crime', 'Thriller']",5.0,4753,"[28, 80]",En,12.046,6.5,130.0,2018,0.2952238125,20736000.0
Annapurna,14900000.0,5700000.0,If Beale Street Could Talk,2018-12-14,12000000.0,7859167.0,0.6549305833333333,119.0,"['Drama', 'Romance']",7.2,25512,"[18, 10749, 80]",En,13.579,7.2,388.0,2018,0.6549305833333333,20600000.0
Lgf,11100000.0,7100000.0,Hell Fest,2018-09-28,5500000.0,12619231.0,2.2944056363636363,89.0,['Horror'],5.5,8662,[27],En,12.955,5.5,273.0,2018,2.2944056363636363,18200000.0
Bh Tilt,8900000.0,6300000.0,Unfriended: Dark Web,2018-07-20,1000000.0,15434588.0,15.434588,92.0,"['Crime', 'Horror', 'Mystery']",5.9,13822,[27],En,17.861,6.1,365.0,2018,15.434588,15200000.0
Bh Tilt,12000000.0,2400000.0,Upgrade,2018-06-01,3000000.0,13553285.0,4.517761666666667,100.0,"['Action', 'Sci-Fi', 'Thriller']",7.6,104978,"[28, 53, 878]",En,21.413,7.4,1326.0,2018,4.517761666666667,14400000.0
Bst,7700000.0,6600000.0,Unsane,2018-03-23,1500000.0,12744931.0,8.496620666666667,98.0,"['Drama', 'Horror', 'Mystery']",6.4,32049,"[27, 53]",En,16.316,6.2,667.0,2018,8.496620666666667,14300000.0
Annapurna,3100000.0,10000000.0,The Sisters Brothers,2018-09-21,38000000.0,-24856944.0,-0.6541301052631578,122.0,"['Adventure', 'Comedy', 'Crime']",7.0,32135,"[35, 18, 37]",En,13.738,7.0,590.0,2018,0.6541301052631578,13100000.0
Uni.,10800000.0,2100000.0,Welcome To Marwen,2018-12-21,45000000.0,-32125078.0,-0.7138906222222222,116.0,"['Biography', 'Comedy', 'Drama']",6.1,8920,"[18, 35, 14]",En,22.032,6.6,286.0,2018,0.7138906222222222,12900000.0
Global Road,6700000.0,6000000.0,Hotel Artemis,2018-06-08,15000000.0,-2241201.0,-0.1494134,94.0,"['Action', 'Drama', 'Sci-Fi']",6.1,30586,"[53, 878, 28]",En,14.585,5.9,471.0,2018,0.1494134,12700000.0
Lgf,5700000.0,4300000.0,Kin,2018-08-31,30000000.0,-19903179.0,-0.6634393,102.0,"['Action', 'Drama', 'Sci-Fi']",5.7,9048,"[878, 28]",En,23.805,6.2,289.0,2018,0.6634393,10000000.0
Foxs,8800000.0,0.0,Can You Ever Forgive Me?,2018-10-19,10000000.0,1752387.0,0.1752387,106.0,"['Biography', 'Comedy', 'Crime']",7.2,29473,"[18, 80]",En,17.604,6.9,450.0,2018,0.1752387,8800000.0
Amazon,2500000.0,5400000.0,Suspiria,2018-10-26,20000000.0,-12965385.0,-0.64826925,152.0,"['Fantasy', 'Horror', 'Mystery']",6.8,37360,"[27, 14]",En,16.925,7.0,752.0,2018,0.64826925,7900000.0
Entmp,6100000.0,0.0,The Hurricane Heist,2018-03-09,40000000.0,-9036316.0,-0.2259079,103.0,"['Action', 'Adventure', 'Crime']",5.1,15326,"[28, 80, 53]",En,13.335,5.4,476.0,2018,0.2259079,6100000.0
Annapurna,1500000.0,4000000.0,Destroyer,2018-12-25,9000000.0,-5318904.0,-0.5909893333333334,121.0,"['Action', 'Crime', 'Drama']",6.2,13683,"[53, 80, 18, 28]",En,17.815,5.9,176.0,2018,0.5909893333333334,5500000.0
Ve,4300000.0,0.0,Gotti,2018-06-15,10000000.0,-3910900.0,-0.39109,112.0,"['Biography', 'Crime', 'Drama']",4.8,10358,"[80, 18, 36, 53]",En,10.034,5.2,231.0,2018,0.39109,4300000.0
Ratt.,3700000.0,0.0,Ben Is Back,2018-12-07,13000000.0,-3366889.0,-0.25899146153846153,103.0,['Drama'],6.7,10402,[18],En,17.273,6.7,254.0,2018,0.25899146153846153,3700000.0
Ve,491000.0,1700000.0,Bilal: A New Breed Of Hero,2018-02-02,30000000.0,-29351401.0,-0.9783800333333333,105.0,"['Action', 'Adventure', 'Animation']",8.0,16854,"[28, 12, 16]",En,2.707,6.8,54.0,2018,0.9783800333333333,2191000.0
Rlj,1200000.0,0.0,Mandy,2018-09-14,6000000.0,-4572344.0,-0.7620573333333334,121.0,"['Action', 'Fantasy', 'Horror']",6.6,44378,[18],En,0.6,3.5,2.0,2018,0.7620573333333334,1200000.0
Rlj,1200000.0,0.0,Mandy,2018-09-14,6000000.0,-4572344.0,-0.7620573333333334,121.0,"['Action', 'Fantasy', 'Horror']",6.6,44378,"[28, 53, 27, 14, 9648]",En,16.24,6.2,618.0,2018,0.7620573333333334,1200000.0
A24,1200000.0,0.0,Lean On Pete,2018-04-06,8000000.0,-5544973.0,-0.693121625,121.0,"['Adventure', 'Drama']",7.2,8607,"[18, 12]",En,9.307,6.9,133.0,2018,0.693121625,1200000.0
A24,1200000.0,0.0,Lean On Pete,2018-04-06,8000000.0,-5544973.0,-0.693121625,121.0,"['Adventure', 'Drama']",7.2,8607,"[18, 12]",En,9.307,6.9,133.0,2018,0.693121625,1200000.0
